,val_loss,val_auprc,val_auroc,val_acc,loss,auprc,auroc,acc,lr
0,0.15659733341270876,0.023400841552011976,0.5690786763891765,0.9783303308134572,0.13932111524323676,0.02317323455800563,0.5480365432090405,0.9578547888162621,0.0020000000949949026
1,0.1564462475046608,0.029261377473222844,0.6269336462925598,0.9783303308134572,0.09336762410923227,0.027035857119154873,0.606961174458849,0.9805918955924089,0.0020000000949949026
2,0.2982985250862909,0.0389898589261461,0.6768237705094529,0.9783303308134572,0.08304167378967933,0.035305295621473935,0.6612023254703205,0.9806029926541735,0.0020000000949949026
3,0.3317795181044639,0.05737687212837083,0.7224702510453757,0.9783303308134572,0.0687088616740405,0.04917460394425908,0.7046440209029844,0.9806362809590095,0.0020000000949949026
4,0.3120309126462771,0.09440819103072116,0.765678214388787,0.9783303308134572,0.049354006027770604,0.07775318911288051,0.7482402883101733,0.9807805435721817,0.0020000000949949026
5,0.301371580732647,0.14152709539181366,0.7981870788310801,0.9783303308134572,0.03928934009509158,0.12051266626826387,0.7848958782180774,0.9856408917610364,0.0020000000949949026
6,0.32997116959265155,0.21269861611868537,0.819608693056676,0.9783303308134572,0.035306616488718114,0.1787959815134217,0.8104022273261523,0.9889920854553401,0.0020000000949949026
7,0.2762111581911078,0.3114991804154447,0.8395276689496087,0.9779308878996902,0.0200123184562233,0.26963140489460685,0.8308297026531343,0.9935528247761756,0.0020000000949949026
8,0.24100588850002935,0.38837123650477895,0.8551613231821404,0.9746355081547371,0.015182066278023727,0.35626893477895094,0.8483872509143434,0.9951285563070106,0.0020000000949949026
