,val_loss,val_auprc,val_auroc,val_acc,loss,auprc,auroc,acc,lr
0,0.04173158175061435,0.38853467862501767,0.8760055057274407,0.9872178809476608,0.08775713133991954,0.19762813021654002,0.6833271047619159,0.9817348566723009,0.0020000000949949026
1,0.05263914086405908,0.493895731382749,0.9158373048545025,0.9869183161217271,0.04567672788252455,0.45350599829977073,0.902737704740457,0.9865952016962897,0.0020000000949949026
2,0.04246755936530863,0.5484474892741981,0.9291636877391352,0.9884162176291053,0.0422668554910703,0.5199173758661112,0.9229914552587334,0.9877825479079803,0.0020000000949949026
3,0.45382208865346463,0.5252144210991422,0.9327273391810676,0.8409227095655941,0.04315010054586548,0.566165670138237,0.9337870711672672,0.9877381631531876,0.0020000000949949026
4,0.30420683985611735,0.39962200551112065,0.8381818701865217,0.9811264279123455,0.31927197745896485,0.44173548423306175,0.8823389636898387,0.9784391423837004,0.0020000000949949026
5,0.30420625803526385,0.3378531974257646,0.7757129113379414,0.9811264279123455,0.3176021089854591,0.36618435151645756,0.8040596934622983,0.9803033840209562,0.0020000000949949026
6,0.304206138992634,0.2935566647528459,0.7326363693913086,0.9811264279123455,0.31718274689821824,0.3142733264381747,0.7526309727320774,0.9802922857289615,0.0020000000949949026
7,0.304206138992634,0.26025639860387667,0.7011654511858942,0.9811264279123455,0.3173614232795992,0.27653629509502387,0.7165702068690741,0.9803033830751341,0.0020000000949949026
8,0.304206138992634,0.23426334907521928,0.6771426131107718,0.9811264279123455,0.31749170330266924,0.24656439893383297,0.6884373936896855,0.9803033841631602,0.0020000000949949026
