,val_loss,val_auprc,val_auroc,val_acc,loss,auprc,auroc,acc,lr
0,0.060415410019482634,0.03510340146790347,0.6577891207560347,0.9807269803678201,0.18764397467795865,0.028011284315058085,0.47302269096405836,0.9427078184860358,0.0020000000949949026
1,0.047892299758998405,0.1552939079456375,0.8192619903015714,0.9852206967942178,0.05085142932659488,0.08327373472594486,0.7579984156177192,0.9845090280273171,0.0020000000949949026
2,0.04289685683304473,0.28416924435434787,0.8727305311153862,0.9859197151168083,0.04145768223840102,0.21965689097584787,0.8501583123584892,0.9868171393037264,0.0020000000949949026
3,0.04116300483434553,0.3762471998537851,0.8997409347766931,0.9872178988040553,0.036777864078861904,0.33173401052458634,0.8873857670435542,0.98791570759926,0.0020000000949949026
4,0.04116992206945688,0.4359668823257044,0.9155175601600386,0.9877171933543832,0.03464943467129653,0.4060690140065943,0.908383838796414,0.9884483495788506,0.0020000000949949026
5,0.038687774378621094,0.4837704732588529,0.9259428696549532,0.9882164938568426,0.03307948291170023,0.46140627685113283,0.9212146537173784,0.9888589264254745,0.0020000000949949026
