,val_loss,val_auprc,val_auroc,val_acc,loss,auprc,auroc,acc,lr
0,0.05945977219180484,0.15110591925354758,0.6893140290439165,0.983123629922183,0.16578748936868334,0.06547795540113094,0.4588925926623716,0.957188986116893,0.0020000000949949026
1,0.04754325191979357,0.28137510964345236,0.8271083267763129,0.9843219427951015,0.05482474431955335,0.2171656530522125,0.7763129370021565,0.9849306986286355,0.0020000000949949026
2,0.0435278995176315,0.3687794786895229,0.8741560251098063,0.9858198502546112,0.04503284593388483,0.3306044829957028,0.8541694941995798,0.9864509466430793,0.0020000000949949026
3,0.03958386715419426,0.42962176420147224,0.8976452845357625,0.9865188685772017,0.0412005130539106,0.4014588325542094,0.8873324239885119,0.9869170105479662,0.0020000000949949026
4,0.03903568629513719,0.47385595149924375,0.912756808425034,0.9870181750317927,0.03803723358110278,0.4526250020170719,0.9058175742284239,0.9876271896980753,0.0020000000949949026
5,0.03590407253009408,0.5105440031632182,0.922238525871462,0.9875174755342521,0.036592857987521994,0.4934015113059686,0.9178388686283401,0.9884816370800686,0.0020000000949949026
