,val_loss,val_auprc,val_auroc,val_acc,loss,auprc,auroc,acc,lr
0,0.09868618671956515,0.15808188563481715,0.7624759201353982,0.9822248818751983,0.11980738992973702,0.05903256371081076,0.5593592675297823,0.9781506275051778,0.0020000000949949026
1,0.3428354917295404,0.09375650433751669,0.6229858156066705,0.978729772405851,0.31108687072421853,0.12174416181617652,0.6844207265181346,0.9801147406710813,0.0020000000949949026
2,0.3428354917295404,0.06966825058884266,0.5772833145971853,0.978729772405851,0.31317938993190303,0.07997419418178664,0.596446896038015,0.9805697022228915,0.0020000000949949026
3,0.3428354917295404,0.05755570539968419,0.5562374258150901,0.978729772405851,0.3131793889186168,0.06308273409441088,0.5659833553740413,0.9805697034035156,0.0020000000949949026
4,0.3428354917295404,0.05023903426416077,0.5441719556797615,0.978729772405851,0.3131793928694367,0.053588799486817246,0.5496078034761204,0.9805697059565736,0.0020000000949949026
5,0.3428354917295404,0.04532965748909945,0.5363590440541559,0.978729772405851,0.3131793892354341,0.047645748529613764,0.5401437118696939,0.9805697031687136,0.0020000000949949026
6,0.3428354917295404,0.04180207704358504,0.530889866605404,0.978729772405851,0.3131793925213388,0.04346116424745827,0.5333944964200132,0.9805697017036815,0.0020000000949949026
