,val_loss,val_auprc,val_auroc,val_acc,loss,auprc,auroc,acc,lr
0,0.04561031019019935,0.10518129017119972,0.8527254249512947,0.9817255813727389,0.11190082921188724,0.056741480026451796,0.6994729336170797,0.9535492766941496,0.0020000000949949026
1,0.03916212888324787,0.1899458225351478,0.9020670449659928,0.9817255813727389,0.04910816946269836,0.14970168081085575,0.8831494880574232,0.9798928040094664,0.0020000000949949026
2,0.2945487937402512,0.16407061930257022,0.7953418866707604,0.9817255813727389,0.25817045269931604,0.1889828206375581,0.8622533113347395,0.9797707413799513,0.0020000000949949026
3,0.2945487937402512,0.1300171519798363,0.7148594534847106,0.9817255813727389,0.32422380622821145,0.14525850459091466,0.7502229383803822,0.9798928046708805,0.0020000000949949026
4,0.2945487937402512,0.10915274160373037,0.6687684967200247,0.9817255813727389,0.3241120036352947,0.11867430361954336,0.6895001802951418,0.9798928056167024,0.0020000000949949026
5,0.2945487937402512,0.09508485088858844,0.6388885857746085,0.9817255813727389,0.3242454571367277,0.10156821253294633,0.6524335366849363,0.9798928038672624,0.0020000000949949026
6,0.2945487937402512,0.0849749932784698,0.6180131687764663,0.9817255813727389,0.324089139528299,0.08984038262297032,0.6281438944054472,0.9798928079779504,0.0020000000949949026
7,0.2945487937402512,0.07731010476902904,0.6025892146837932,0.9817255813727389,0.3240888288641309,0.08096353431597943,0.6099586903493993,0.9798928063707144,0.0020000000949949026
