,val_loss,val_auprc,val_auroc,val_acc,loss,auprc,auroc,acc,lr
0,0.05476492235337709,0.14013354783230064,0.7145715530270561,0.9810265690022799,0.14780918015644678,0.031280698430785285,0.4340648744587458,0.9768190254862649,0.0020000000949949026
1,0.039272819988508414,0.3871507079676999,0.8544051947887963,0.9875174814863835,0.04295443404426518,0.2836149760520822,0.8038143759754443,0.987294297624722,0.0020000000949949026
2,0.04100503575095666,0.4885553484587272,0.8956384453941111,0.9882164998089741,0.03652789977723895,0.44643079766411836,0.8786938521008462,0.9886480883832542,0.0020000000949949026
3,0.03540073769025331,0.5470688782791571,0.9157068078356492,0.9894148245861556,0.03323478672750747,0.5194610523054735,0.9069810411455109,0.9894137620093845,0.0020000000949949026
4,0.03608803310946678,0.5857924762090237,0.9280747817213578,0.989414818634024,0.03194816395148157,0.5671556874080678,0.9225398102324607,0.989924209061828,0.0020000000949949026
5,0.04035578474617448,0.6146040725950854,0.9363825666064008,0.9870181690796611,0.03044673997561547,0.6021656510565809,0.9324882969860283,0.9903125904124884,0.0020000000949949026
