,val_loss,val_auprc,val_auroc,val_acc,loss,auprc,auroc,acc,lr
0,0.09651447247341052,0.020418906987266956,0.49701802319148974,0.9804274036376234,0.3353236178397016,0.023874290259715273,0.5015081726244869,0.9598410964314412,0.0020000000949949026
1,0.09638698567400644,0.02019923907320181,0.5006114708251146,0.9804274036376234,0.09970428906624614,0.020277271144689753,0.5007604488643421,0.9800370636925748,0.0020000000949949026
2,0.0972608697292082,0.019998632369937597,0.49791622982068956,0.9804274036376234,0.09875337968884768,0.020072649322427093,0.4990721317905904,0.9800370632659627,0.0020000000949949026
3,0.09637120236749239,0.019980648936138722,0.4985947290389676,0.9804274036376234,0.09809727724195313,0.019981973713558053,0.49820060261639837,0.9800370623697467,0.0020000000949949026
4,0.09645290904689006,0.019988449051565507,0.4994990889102798,0.9804274036376234,0.09796471491655945,0.01996889491217198,0.49876817297735476,0.9800370617083328,0.0020000000949949026
5,0.0969461738707623,0.01993118980030814,0.4984785347956727,0.9804274036376234,0.09804696641373029,0.019956261392647282,0.4995186981422449,0.9800370626045487,0.0020000000949949026
