,val_loss,val_auprc,val_auroc,val_acc,loss,auprc,auroc,acc,lr
0,0.049662295969611206,0.07904554530308588,0.7458997203819476,0.9806271214577545,0.12616669594937627,0.031345036580042666,0.5154063091395861,0.970371849670475,0.0020000000949949026
1,0.043930889038093404,0.28047232840240705,0.8544790605501618,0.9864190156192677,0.05141585524005615,0.169840695576451,0.8140750027650555,0.9834437459101736,0.0020000000949949026
2,0.31225390884655846,0.24300601500783445,0.7552898945697939,0.9806271214577545,0.2579090250744576,0.28417694485527367,0.8183418837316897,0.9806140877316961,0.0020000000949949026
3,0.31225390884655846,0.18813662505659343,0.6796839381730887,0.9806271214577545,0.3217675644861673,0.21236405198671057,0.7121661238208047,0.9800148658353636,0.0020000000949949026
4,0.31225390884655846,0.15515116015748634,0.6380876427594835,0.9806271214577545,0.3221276260712589,0.17032604815970062,0.6569702462864452,0.9800148681040135,0.0020000000949949026
5,0.31225390884655846,0.13310305463213012,0.6119240985460473,0.9806271214577545,0.3221277320767409,0.14333565859668182,0.623907758584359,0.9800148709844715,0.0020000000949949026
6,0.31225390884655846,0.11732164754294007,0.5940973973450414,0.9806271214577545,0.3217634023957531,0.12477232820955265,0.6024553876613302,0.9800148673003956,0.0020000000949949026
7,0.31225390884655846,0.10544652330207567,0.5810828307490638,0.9806271214577545,0.32200619839917677,0.11103558528008867,0.5871369534477391,0.9800148700882555,0.0020000000949949026
