,val_loss,val_auprc,val_auroc,val_acc,loss,auprc,auroc,acc,lr
0,0.05879982031616939,0.03443396160952317,0.6842476957116224,0.978729772405851,0.1936263331270835,0.026729355407309217,0.5060788709970215,0.9492659530404767,0.0020000000949949026
1,0.047059107849544424,0.12451726589251451,0.8348316736199409,0.9866187393915303,0.048686037856653853,0.06540895746991801,0.7773791485435338,0.9835880042704539,0.0020000000949949026
2,0.04347284743013628,0.2745260930308949,0.8847285668388536,0.9856201383866116,0.040823846553980025,0.2077675966933962,0.8638364724707495,0.9870168783925379,0.0020000000949949026
3,0.08257745270341463,0.3677143063913307,0.9082771660397337,0.9652486515659426,0.037608032551822754,0.32822299220544865,0.898094085873735,0.9881154462614594,0.0020000000949949026
4,0.03936424614652911,0.43074955376817814,0.921910997979389,0.9878170582165803,0.035954873013341895,0.4008387534134117,0.9155423270058987,0.9883706717967262,0.0020000000949949026
5,0.040157750583344386,0.47693248350557893,0.9309794877564476,0.9867185923494645,0.0343526273507641,0.45287384503562395,0.9268276867604385,0.9890808597800193,0.0020000000949949026
6,0.037371379004306655,0.5161846414854219,0.9375325985028164,0.9885160646349078,0.03206501881244289,0.4967048467141498,0.9343882256914754,0.9898132395255935,0.0020000000949949026
7,0.03616189766364235,0.5460505661598718,0.9423207590649983,0.9884162116769738,0.03196264889653827,0.5315301827038449,0.9400038990343755,0.9898354345949448,0.0020000000949949026
8,0.03612569100233712,0.5707560704214882,0.9462186374634785,0.9880167760367115,0.030915706224091944,0.5587544241568717,0.9443036751051482,0.9902682035808559,0.0020000000949949026
