,val_loss,val_auprc,val_auroc,val_acc,loss,auprc,auroc,acc,lr
0,0.09065035006672365,0.2436151800158973,0.8725289077798788,0.961853401006661,0.09748379682852368,0.08840067755008335,0.7133349587870844,0.9620493335980347,0.0020000000949949026
1,0.34927370404140107,0.13543637505198086,0.6766059217587284,0.9783303308134572,0.3130793533417714,0.17801461959747808,0.7579474867898913,0.9798928058515044,0.0020000000949949026
2,0.34927370404140107,0.09788191040547423,0.6124009411444987,0.9783303308134572,0.3124639577061956,0.11380541510456275,0.6390049976383028,0.9806140905195561,0.0020000000949949026
3,0.34927370404140107,0.07897115960964214,0.5823455772786553,0.9783303308134572,0.3124639571678046,0.0874389715974152,0.5956567849334775,0.9806140875894921,0.0020000000949949026
4,0.34927370404140107,0.06739823761691299,0.5649482652720563,0.9783303308134572,0.3126408660995334,0.07264676695450809,0.5729060255162444,0.9806029947310134,0.0020000000949949026
5,0.34927370404140107,0.05974570773757692,0.5536124348664251,0.9783303308134572,0.31246395813346906,0.0633327833413089,0.5589254107070178,0.9806140900929441,0.0020000000949949026
6,0.34927370404140107,0.05424402123538467,0.5456415477664689,0.9783303308134572,0.31246730398246536,0.05685803957013723,0.5494568459723101,0.9806140890545241,0.0020000000949949026
