,val_loss,val_auprc,val_auroc,val_acc,loss,auprc,auroc,acc,lr
0,0.04998835255169621,0.06178011941337195,0.7584582943865846,0.9840223720170362,0.1952921781931461,0.03258833236973261,0.6088491124541805,0.9356503185398912,0.0020000000949949026
1,0.04767353723500097,0.16658560598958436,0.839278396170654,0.9869183101695955,0.1184279803757414,0.1163366772164578,0.809634342117488,0.9850749581695398,0.0020000000949949026
2,0.03897201496715647,0.27018916396197623,0.8700559238652305,0.9893149597239584,0.10891731754033815,0.21575974903180026,0.8567475413578199,0.9867616539452972,0.0020000000949949026
3,0.04737448435040893,0.3507510146112387,0.8922286277786805,0.9868184453073985,0.0784873746774768,0.3144292102268192,0.8818565186682803,0.9887701534236233,0.0020000000949949026
4,0.05000564419238586,0.40518081747107054,0.9058977861306328,0.9877171993065147,0.06449006160762046,0.3835345722034408,0.9005126000569796,0.9893027927575581,0.0020000000949949026
5,0.041103691300695314,0.44556333524918446,0.9152577705837568,0.9880167760367115,0.060295083321392766,0.42541301671712334,0.9109634608733072,0.9901350457316141,0.0020000000949949026
