,val_loss,val_auprc,val_auroc,val_acc,loss,auprc,auroc,acc,lr
0,0.06261370918691747,0.17603440963688644,0.7774785649926452,0.9829239121020519,0.1383960404424908,0.04747801259799464,0.5556877404363733,0.9690402480880953,0.0020000000949949026
1,0.08371623651023537,0.3343889436334675,0.8674101780840373,0.9823247407852639,0.05028770866151185,0.2811990650068017,0.8367785774735621,0.9857185674167149,0.0020000000949949026
2,0.08002137819072394,0.37879936396778047,0.8881809647887534,0.9793289377705076,0.05375893314982061,0.3646213603205307,0.8792707969045555,0.9850416705261178,0.0020000000949949026
3,0.33317815242928916,0.2939819064603634,0.8023775177180993,0.9793289377705076,0.2632188762400158,0.3354352067537623,0.8545245431330595,0.980181319122791,0.0020000000949949026
4,0.33317815242928916,0.24022428884236238,0.7327355637220844,0.9793289377705076,0.3143838375272055,0.26479097497582677,0.7640866162427271,0.9805031211255257,0.0020000000949949026
5,0.33317815242928916,0.20427872860755467,0.6888900725503917,0.9793289377705076,0.3143735437547192,0.22136284381818236,0.7096327775474506,0.9805031216447357,0.0020000000949949026
6,0.33317815242928916,0.1785068369528384,0.6588204368184087,0.9793289377705076,0.3143946782397884,0.19036772135940597,0.672433950496987,0.9805031245747997,0.0020000000949949026
7,0.33317815242928916,0.15915595474168406,0.6369805104817748,0.9793289377705076,0.31422369675938056,0.16847540835354305,0.6475009409532617,0.9805031257554236,0.0020000000949949026
8,0.33317815242928916,0.14402798159836247,0.6203638649710596,0.9793289377705076,0.31438883434622,0.15127695673823666,0.6282919199622243,0.9805031234867737,0.0018000000854954123
