,val_loss,val_auprc,val_auroc,val_acc,loss,auprc,auroc,acc,lr
0,0.054409650105864724,0.04876139160563352,0.6910254762323645,0.9819253051450015,0.16322375885768636,0.026292163130537373,0.4712571510535293,0.9543371413979976,0.0020000000949949026
1,0.04371586950435946,0.17380974477925937,0.8314903541098866,0.9844217957530356,0.0543364208211765,0.10944400863189921,0.7804815088759297,0.9840984483928334,0.0020000000949949026
2,0.0442021905288505,0.2756066437619447,0.8771860134061139,0.9807269744156887,0.04556152014847672,0.2292738888951229,0.8585980985856138,0.985807340134158,0.0020000000949949026
3,0.06737236334850767,0.34111136485531773,0.899323930741785,0.9782304778555232,0.041867173155523844,0.31064685790811847,0.8903695044087386,0.9863510815863674,0.0020000000949949026
4,0.03758237580052648,0.39475930220999356,0.9129114415632743,0.9869183161217271,0.039705163176474004,0.3644972550749537,0.9059131272931771,0.9871278411724285,0.0020000000949949026
5,0.04898359194583558,0.43673798945437226,0.9231522101615036,0.9795286674949016,0.03728639475776134,0.4179299739773299,0.9183586070420021,0.9875828065505187,0.0020000000949949026
6,0.03719549986067136,0.46943209715677114,0.930496751654998,0.9862192977991365,0.03605275710445201,0.45067899883522966,0.9268839487875555,0.9879157074570559,0.0020000000949949026
7,0.03419999407290176,0.49741493308641777,0.9360548007481109,0.9887158003114335,0.03515708641983591,0.4828623592928286,0.9333080652398578,0.9880155758208378,0.0020000000949949026
8,0.036128245118320204,0.5250540948066498,0.9404273332772389,0.9878170582165803,0.03349607424796453,0.5124973448637181,0.9384123304547753,0.9888256373170204,0.0020000000949949026
