,val_loss,val_auprc,val_auroc,val_acc,loss,auprc,auroc,acc,lr
0,0.05581877909381994,0.13293787824529027,0.6925801007314811,0.9843219546993645,0.15932400305493918,0.04994841443265682,0.4435769158698261,0.9617164356215614,0.0020000000949949026
1,0.04495928294680282,0.2831178020759569,0.8254099628133452,0.9860195740268739,0.05611596554155622,0.21540233993210942,0.7769232998874026,0.9853856694402418,0.0020000000949949026
2,0.043379869780034296,0.37395805760322276,0.8728416818855336,0.9857199972966771,0.045013946958993016,0.33102988560067165,0.8531180897881532,0.9865619089963578,0.0020000000949949026
3,0.039409679230856864,0.42981409891436906,0.8966795253686998,0.9869183161217271,0.04175295211281418,0.40146069779623533,0.8861051150997322,0.9869059142898196,0.0020000000949949026
4,0.04162462247272018,0.4768362012194235,0.9112712886487269,0.9865188745293333,0.038708098392994335,0.45309506497845364,0.9045276136928875,0.9880821610288915,0.0020000000949949026
5,0.03760287216072149,0.5105649117631114,0.9212625027179051,0.9872178928519239,0.03679553145476579,0.49345190333019995,0.9166061113761895,0.9880155801663276,0.0020000000949949026
