,val_loss,val_auprc,val_auroc,val_acc,loss,auprc,auroc,acc,lr
0,0.06180202782662154,0.032340031454240296,0.6777925269080418,0.9811264279123455,0.1683036274830577,0.020258475017978915,0.45076496628526963,0.9778621142338911,0.0020000000949949026
1,0.10999687006784481,0.07312956839704647,0.8201177642091629,0.9811264279123455,0.058022008740910014,0.05301479556468659,0.768496557383139,0.9802922870517895,0.0020000000949949026
2,0.05070875543388697,0.11222324730310941,0.8666515026664886,0.9811264279123455,0.05394626998267534,0.0917147345272859,0.8461323270549884,0.9803033857207901,0.0020000000949949026
3,0.048127144609643124,0.15612740749509982,0.8913809640549937,0.9811264279123455,0.04799727717702854,0.13404071028361128,0.8803744743969786,0.9803033845401662,0.0020000000949949026
4,0.0479104580524005,0.2078596407457195,0.9072680970687744,0.988715794359302,0.04417952978957375,0.18097547937194453,0.8999192615604732,0.9804032532809539,0.0020000000949949026
5,0.04022116950808518,0.30890786561490724,0.9181622686751807,0.9884162176291053,0.041224292562349246,0.2626010272656665,0.9131696156311886,0.9865952058069776,0.0020000000949949026
6,0.039974512404080315,0.3800144851660095,0.9258681594051714,0.9883163587190397,0.038502267466991695,0.3496570003982872,0.9223499337767315,0.9882042235162025,0.0020000000949949026
