,val_loss,val_auprc,val_auroc,val_acc,loss,auprc,auroc,acc,lr
0,0.08414776819260185,0.23140408332318824,0.8560510103231612,0.9625524206506246,0.09388943842370595,0.09014995050680709,0.7025830124133222,0.9695617886240537,0.0020000000949949026
1,0.33317815242928916,0.11562403175099681,0.6898978168625829,0.9793289377705076,0.3238411505799113,0.15753473854978553,0.7729806445203082,0.9758758087864964,0.0020000000949949026
2,0.33317815242928916,0.08442663396454772,0.6202092261663901,0.9793289377705076,0.31569783206307045,0.09759704962179151,0.648671782419423,0.9804143489272926,0.0020000000949949026
3,0.33317815242928916,0.06880377385254174,0.587817716174719,0.9793289377705076,0.31497517863712304,0.07568448079214796,0.6018147871229119,0.9804587356167211,0.0020000000949949026
4,0.33317815242928916,0.0593630069212414,0.5691937581255261,0.9793289377705076,0.3151576464015878,0.06379659290159354,0.577828319609236,0.9804476393089685,0.0020000000949949026
5,0.33317815242928916,0.05293271692467112,0.5570445790461301,0.9793289377705076,0.31532899527299624,0.05594173120629797,0.5626398866505752,0.9804365445158538,0.0020000000949949026
6,0.33317815242928916,0.048351543560246166,0.5485561286019831,0.9793289377705076,0.3153195347379524,0.05054376373637947,0.5525231397138587,0.9804365418701979,0.0020000000949949026
