,val_loss,val_auprc,val_auroc,val_acc,loss,auprc,auroc,acc,lr
0,0.10862261051543352,0.013369037998681058,0.5423924490673464,0.9893999400968672,0.10343319604357756,0.012642053865977344,0.5189743165195102,0.9689570731856839,0.0020000000949949026
1,0.08419778924382154,0.015776414313270416,0.588941331788333,0.9893999400968672,0.06834573571529899,0.014951633340277113,0.5730784628570228,0.9879249077466223,0.0020000000949949026
2,0.07477501120580728,0.01977491978456682,0.6354262717133436,0.9893999400968672,0.061285203472311686,0.01836519581060528,0.6197498812713715,0.9879761161310606,0.0020000000949949026
3,0.07823730187818678,0.026387039611488788,0.6777222157183941,0.9893999400968672,0.05491577509095994,0.02393618048169186,0.6631862793045765,0.9879761209811605,0.0020000000949949026
4,0.09253121068666295,0.04069941175737758,0.7206531925589953,0.9893999400968672,0.04393093207867783,0.03411743734630357,0.7024969658731338,0.9879863599607944,0.0020000000949949026
5,0.10342708090539132,0.06571135479510133,0.757635138937818,0.9893999400968672,0.03427922214032395,0.05440460027776909,0.7423189383289608,0.9884574795599756,0.0020000000949949026
