,val_loss,val_auprc,val_auroc,val_acc,loss,auprc,auroc,acc,lr
0,0.05715313306759462,0.04018793894349636,0.677413536232342,0.9818254462349361,0.1843678691895718,0.027513110448053938,0.4972130394805262,0.9437619972604621,0.0020000000949949026
1,0.04678056135700001,0.16966910724549897,0.8264093593920636,0.98442181360943,0.051664348794696446,0.0976196915317709,0.7717324679545805,0.984575608605473,0.0020000000949949026
2,0.04135798753373324,0.2910772823682678,0.875420967844972,0.9851208438362836,0.04218679682566722,0.23334341985749935,0.8548660848611299,0.9866506883775468,0.0020000000949949026
3,0.04381279965696344,0.3686022077024352,0.9005411218711186,0.9838226422926422,0.03832914046558328,0.3324622475294129,0.8895968138468517,0.9874052598854024,0.0020000000949949026
4,0.042111900904746355,0.4258139391418748,0.9156052733529512,0.9859197210689398,0.0356527096112003,0.3968922770464377,0.9088434575691848,0.9883484788538209,0.0020000000949949026
5,0.03944436606909393,0.47079309376504624,0.9255102381083407,0.9866187274872673,0.03406981169365243,0.44964003549467474,0.9207896972880686,0.9888811206912077,0.0020000000949949026
