,val_loss,val_auprc,val_auroc,val_acc,loss,auprc,auroc,acc,lr
0,0.049169215953708025,0.307382969459136,0.826715967256151,0.9875174814863835,0.10554569893556977,0.1926078284652366,0.655830104951978,0.9723692536942723,0.0020000000949949026
1,0.3621637620223082,0.27625321183634155,0.7701415858012558,0.9775314595329326,0.17024880604956147,0.32662550547863817,0.8344704033687762,0.9808915076749002,0.0020000000949949026
2,0.3621627561120858,0.1919005823535359,0.6695157249030511,0.9775314595329326,0.3165097232096001,0.22818652851400847,0.711946885293731,0.9803588671107354,0.0020000000949949026
3,0.3621631072878439,0.14971465960409866,0.6232467415281844,0.9775314595329326,0.3164991418906875,0.16839369355372902,0.6434015501965822,0.9803588644650794,0.0020000000949949026
4,0.36216208352122703,0.12432645204147227,0.5967165452885919,0.9775314595329326,0.3164890321447392,0.1361564919407925,0.6090682274006797,0.9803588647494874,0.0020000000949949026
5,0.36216243469698517,0.10734512376135305,0.5795599565621214,0.9775314595329326,0.31649362646357554,0.11552794283827417,0.5879324027088638,0.9803588687179713,0.0020000000949949026
6,0.362161896029085,0.0951709392969185,0.5675374388528104,0.9775314595329326,0.31649741668819276,0.10095529245411491,0.5732547092309694,0.9803588627652454,0.0020000000949949026
