,val_loss,val_auprc,val_auroc,val_acc,loss,auprc,auroc,acc,lr
0,0.304206138992634,0.027084726202635558,0.5405422244953828,0.9811264279123455,0.2909848925674922,0.03094372547083923,0.5467437424566549,0.9561237098441687,0.0020000000949949026
1,0.304206138992634,0.023603924934958564,0.5184078713674757,0.9811264279123455,0.3182661464942357,0.024975444305238504,0.5260867286333252,0.9803033818945102,0.0020000000949949026
2,0.304206138992634,0.022430980073993783,0.5120512544811189,0.9811264279123455,0.3176390531083134,0.02300939713871536,0.5144382304255636,0.9803033852015801,0.0020000000949949026
3,0.304206138992634,0.021817066720667324,0.50898638951557,0.9811264279123455,0.3176616898580235,0.02208810098635355,0.5103137307752431,0.9803033826981281,0.0020000000949949026
4,0.304206138992634,0.02144948957852137,0.5072429020985267,0.9811264279123455,0.3174740807536026,0.0216164784746656,0.508032768950547,0.9803033815175042,0.0020000000949949026
5,0.304206138992634,0.021168390979396268,0.5059688424002227,0.9811264279123455,0.3179630743878111,0.021303484798728126,0.5065782454911045,0.9803033833595421,0.0020000000949949026
