,val_loss,val_auprc,val_auroc,val_acc,loss,auprc,auroc,acc,lr
0,0.05708203537345623,0.049674360094573745,0.703647929904988,0.9839225190591022,0.1719068016850336,0.03711706629477864,0.5027889907369998,0.9509415558056302,0.0020000000949949026
1,0.054493206628946196,0.23734226743094528,0.8476036498116618,0.9833233536944457,0.04662072505557896,0.1341538983989823,0.7944223570630801,0.9857407601248183,0.0020000000949949026
2,0.04618794535038781,0.3577841577568953,0.8902800850628235,0.9860195799790054,0.04059132719095277,0.30895778607997787,0.8730818806107091,0.9875384218453321,0.0020000000949949026
3,0.31658735480855177,0.37004629028088704,0.910256764965903,0.8900539195297101,0.03676622956101594,0.3939907370966689,0.901995517449649,0.988037773912851,0.0020000000949949026
4,0.04217719362011886,0.38022718366829966,0.9175670754178593,0.9872178988040553,0.04611356167353245,0.35361619447848797,0.9117530873617965,0.9861402402866833,0.0020000000949949026
5,0.04488242247175565,0.4251010104737073,0.9261802652055021,0.9871180398939897,0.03834294166384885,0.4025372748493755,0.9221034261018541,0.9874940309030116,0.0020000000949949026
6,0.3042157799576205,0.40085564967708387,0.8826370165927553,0.9811264279123455,0.21876905379322256,0.42458976277451355,0.9133224580325952,0.9822896904141729,0.0020000000949949026
7,0.3042170953786806,0.35455919232867494,0.8277241975360701,0.9811264279123455,0.3173766836196775,0.3765255691088649,0.8535671836368142,0.9803033808560901,0.0020000000949949026
8,0.30421857597138957,0.3184316567920367,0.7864180534143564,0.9811264279123455,0.3174045596349924,0.3352222513113842,0.8054083605766752,0.9803033846823701,0.0020000000949949026
