,val_loss,val_auprc,val_auroc,val_acc,loss,auprc,auroc,acc,lr
0,0.08270497012765127,0.23388339143111744,0.7967032372463433,0.979928091230901,0.11416140309552299,0.0796686719728045,0.5608163964219648,0.9730905404986913,0.0020000000949949026
1,0.33317815242928916,0.09593833450079917,0.6775614766748884,0.9793289377705076,0.3005230864376521,0.1648912565783059,0.7573814266434413,0.9699279832276044,0.0020000000949949026
2,0.33317815242928916,0.07138686001134152,0.609218059458465,0.9793289377705076,0.31425253310415946,0.08189522533068078,0.6376382659049277,0.9805031229675637,0.0020000000949949026
3,0.33317815242928916,0.05899773746511644,0.5785608007947389,0.9793289377705076,0.31425253211203846,0.0644856157354245,0.5917119451501058,0.9805031223061497,0.0020000000949949026
4,0.33317815242928916,0.051492333854116175,0.5612595898795085,0.9793289377705076,0.31425253110239,0.05494381051807754,0.5691219281410543,0.9805031217869398,0.0020000000949949026
5,0.33317815242928916,0.0464440970736479,0.5501735396244246,0.9793289377705076,0.31425253409628046,0.04880820119678389,0.5553527048075764,0.9805031229675637,0.0020000000949949026
6,0.33317815242928916,0.04280919857681786,0.5424722649033541,0.9793289377705076,0.314252533417339,0.044517996822796425,0.5459966958908485,0.9805031231097677,0.0020000000949949026
