,val_loss,val_auprc,val_auroc,val_acc,loss,auprc,auroc,acc,lr
0,0.34928405777413396,0.023057256725384064,0.4830594729265339,0.9783303308134572,0.309211174619234,0.030008692240247273,0.4465591154683121,0.973723049294355,0.0020000000949949026
1,0.3492797514069984,0.02108016531205425,0.4914478469399699,0.9783303308134572,0.3123642309726456,0.021769828225890693,0.4883023997319846,0.9806140885353142,0.0020000000949949026
2,0.3492746742388345,0.02050890984351832,0.49438491707698584,0.9783303308134572,0.31233911002771103,0.02068938893222028,0.49319153042453495,0.9806140885353142,0.0020000000949949026
3,0.34927481708999036,0.020245786697499785,0.49585357129228597,0.9783303308134572,0.3123230432930157,0.020313902750982687,0.4951851784406453,0.9806140920771861,0.0020000000949949026
4,0.34927411473847414,0.020098273038033812,0.4967348839033381,0.9783303308134572,0.3123132183367201,0.02017760710626206,0.4963190706434427,0.9806140900003462,0.0020000000949949026
5,0.34927395700698954,0.02000542824508688,0.4973221056673706,0.9783303308134572,0.3123095097848255,0.020054114366936705,0.4970421958596289,0.9806140857474541,0.0020000000949949026
