,val_loss,val_auprc,val_auroc,val_acc,loss,auprc,auroc,acc,lr
0,0.05081580447589944,0.226088308531509,0.7971984970133914,0.9849211141118894,0.11227969471142606,0.07449326002332383,0.5519873958256654,0.9734123406461596,0.0020000000949949026
1,0.3541023736915267,0.16788468299951054,0.7457895469517914,0.9780307540832605,0.2015430371158073,0.24027866949840454,0.8166099526372962,0.9768190240212329,0.0020000000949949026
2,0.3541023736915267,0.11942966419415534,0.6506005333335142,0.9780307540832605,0.31192738605839054,0.13985770331783706,0.6893161420534191,0.980647377217156,0.0020000000949949026
3,0.3541023736915267,0.09514932498106682,0.6081011215679084,0.9780307540832605,0.31192738448587876,0.10605939927369219,0.6269203796479264,0.9806473781629781,0.0020000000949949026
4,0.3541023736915267,0.08051294400701747,0.5841835646398867,0.9780307540832605,0.3119273848165858,0.08714083917846993,0.5947619161910668,0.9806473801472201,0.0020000000949949026
5,0.3541023736915267,0.07070611787516128,0.5688871835457581,0.9780307540832605,0.3119273856258258,0.0753461884365832,0.5761697206939335,0.9806473763209401,0.0020000000949949026
6,0.3541023736915267,0.06366702525712593,0.5582754863744156,0.9780307540832605,0.31192738779294876,0.06702813201388175,0.563387506363354,0.980647379485806,0.0020000000949949026
