,val_loss,val_auprc,val_auroc,val_acc,loss,auprc,auroc,acc,lr
0,0.3541290466807817,0.030322348611923733,0.49610574181884115,0.9780307540832605,0.29200822167311913,0.03642051193714707,0.4596073461708349,0.9729129932316882,0.0020000000949949026
1,0.35412121962786786,0.02471889755706278,0.49727976511451855,0.9780307540832605,0.31185176373335,0.0267693549075682,0.496718481513263,0.980647379485806,0.0020000000949949026
2,0.3541098153439264,0.022946283553820158,0.4980025947427283,0.9780307540832605,0.31184193947286193,0.023718721433851106,0.4976352854233887,0.980647377217156,0.0020000000949949026
3,0.3541042054599938,0.02208358419243271,0.4984586466232507,0.9780307540832605,0.3118162923995528,0.022461111395535863,0.49825822837731054,0.9806473781629781,0.0020000000949949026
4,0.35410512952840817,0.021573125265891356,0.4987476796227252,0.9780307540832605,0.3118106548373864,0.021836962196050587,0.4985938186229055,0.9806473801472201,0.0020000000949949026
5,0.354103486740116,0.02124156064195966,0.49898827833069376,0.9780307540832605,0.3117926570498076,0.021367299037352707,0.4988672107219013,0.9806473763209401,0.0020000000949949026
