,val_loss,val_auprc,val_auroc,val_acc,loss,auprc,auroc,acc,lr
0,0.057874142903397846,0.2075998076950692,0.7793031248452065,0.9857199853924141,0.13327263608329815,0.05796202097803211,0.554452422771949,0.9709932648536481,0.0020000000949949026
1,0.05676337241953853,0.3595987878827628,0.8695221116068074,0.9797283912671644,0.05131046982623846,0.30149530248635514,0.8369351213156707,0.985685277789051,0.0020000000949949026
2,0.3428354917295404,0.3585305548378491,0.8776529086595622,0.978729772405851,0.07297239340383328,0.38387595446062917,0.8838964411528655,0.9841428358858799,0.0020000000949949026
3,0.3428354917295404,0.27566286487590774,0.768495770909721,0.978729772405851,0.31300798530131074,0.31376901791211537,0.8179976760369477,0.9805807999460702,0.0020000000949949026
4,0.3428354917295404,0.2255022941216371,0.7077668918471911,0.978729772405851,0.3132092290892915,0.24842693740971913,0.7350843368632004,0.9805586094140188,0.0020000000949949026
5,0.3428354917295404,0.19205187183429268,0.6692641159243895,0.978729772405851,0.3131793874165456,0.20804207970250566,0.6876413103977689,0.9805697031687136,0.0020000000949949026
6,0.3428354917295404,0.16807356201200063,0.6427234652062864,0.978729772405851,0.3131793936788133,0.1792352928774945,0.654934376831721,0.9805697017036815,0.0020000000949949026
7,0.3428354917295404,0.15002889530921093,0.6233402645966477,0.978729772405851,0.31317939188109006,0.1586918582449447,0.6326333987527267,0.9805697038301275,0.0020000000949949026
