,val_loss,val_auprc,val_auroc,val_acc,loss,auprc,auroc,acc,lr
0,0.05614887116190819,0.050261204841669294,0.6847159172071058,0.9820251640550671,0.15773549675106432,0.02649083406572112,0.45278022200368856,0.9605290921745814,0.0020000000949949026
1,0.04384311591335488,0.2198859854493999,0.8336792708824132,0.9860195621226109,0.051629257645072583,0.130783315562491,0.7791884205202363,0.985008378252798,0.0020000000949949026
2,0.03922825206062954,0.33708275543588684,0.8794229290122064,0.9871180279897267,0.04443431816119514,0.28399701860913057,0.8598748790583772,0.9864731425160486,0.0020000000949949026
3,0.03738711481578745,0.4150358890734772,0.9024584893935547,0.9871180398939897,0.03937706425590074,0.38022812373389436,0.8923171845296967,0.988004484427391,0.0020000000949949026
4,0.03784962155580348,0.4675297551950771,0.9164525245939255,0.988615929497105,0.037131000355613446,0.44278479537701204,0.9099527085248215,0.9879933867042124,0.0020000000949949026
5,0.03674707089355303,0.5051819885803217,0.9264202092206714,0.9894148126818926,0.03536979271795957,0.487301426500167,0.9217828772570619,0.9882597017412819,0.0020000000949949026
