,val_loss,val_auprc,val_auroc,val_acc,loss,auprc,auroc,acc,lr
0,0.046043285942437964,0.3261821734671919,0.8773861243645302,0.983023765059986,0.0872048288464701,0.15636198411561816,0.6925984518892583,0.9748105273539163,0.0020000000949949026
1,0.35415561253166983,0.21292481358200818,0.7185342185673943,0.9780307540832605,0.2572737722275706,0.2829804976469022,0.8131088307217165,0.9806140930230081,0.0020000000949949026
2,0.35414073815506775,0.14929359283172516,0.6370659885064603,0.9780307540832605,0.3118629448237939,0.1762149358174838,0.670710089997297,0.98064738118564,0.0020000000949949026
3,0.354128878533067,0.11746908462116622,0.5994993513373765,0.9780307540832605,0.31184749526606986,0.13165002498728884,0.6160000733266358,0.980647377501564,0.0020000000949949026
4,0.35412011401944293,0.09832790352155617,0.5780242733048755,0.9780307540832605,0.31182938163464125,0.10699365933311207,0.5875763921846037,0.980647379343602,0.0020000000949949026
5,0.3541139014821966,0.08552625797211302,0.5641436564700913,0.9780307540832605,0.31183129710014656,0.09154711119709982,0.5706718048818464,0.980647377501564,0.0020000000949949026
6,0.35411147152451444,0.07635544872591066,0.5544621273741314,0.9780307540832605,0.3118277254364762,0.08072574790091148,0.5590988555689439,0.9806473801472201,0.0020000000949949026
