,val_loss,val_auprc,val_auroc,val_acc,loss,auprc,auroc,acc,lr
0,0.06152483220047548,0.0659365131751682,0.7658687999130891,0.9780307540832605,0.1509289526239087,0.030374779708166183,0.5256005175595161,0.9635029978231577,0.0020000000949949026
1,0.04819401797849855,0.14247291671889306,0.8645795302070113,0.9780307540832605,0.054174230079182886,0.10438271270333416,0.8277631078405662,0.9795931958954591,0.0020000000949949026
2,0.04792296224357815,0.21378360215194311,0.8965899602772115,0.9867185863973329,0.04762574918324651,0.1782952500976116,0.883149927991649,0.9835214214236481,0.0020000000949949026
3,0.04239561521086045,0.285159639262715,0.9137394337423648,0.9875174695821205,0.04447955054286371,0.24925531939869058,0.9060749188038245,0.9858961168696911,0.0020000000949949026
4,0.0461599888241415,0.3514831727651486,0.9247216752767324,0.9862192977991365,0.041864462961349165,0.31850011558829133,0.9197317194943686,0.9865397211099625,0.0020000000949949026
5,0.04248634909324239,0.40409026783765467,0.9314200986591147,0.9889155240836962,0.04073351605373559,0.37948073836207735,0.9282122024550123,0.9863288854785962,0.0020000000949949026
