,val_loss,val_auprc,val_auroc,val_acc,loss,auprc,auroc,acc,lr
0,0.33317815242928916,0.0498876263736631,0.6121358373861768,0.9793289377705076,0.21516801468282334,0.046755764802821786,0.6064138625285538,0.9719142889048406,0.0020000000949949026
1,0.33317815242928916,0.03552639865416335,0.5506756829482151,0.9793289377705076,0.314252551627389,0.040887794898632146,0.5716181882889463,0.9805031232519718,0.0020000000949949026
2,0.33317815242928916,0.030594875597450246,0.5326584558394561,0.9793289377705076,0.3142525524257157,0.032711405385928136,0.5401510792900481,0.9805031238637797,0.0020000000949949026
3,0.33317815242928916,0.028062867755503717,0.5240816007789938,0.9793289377705076,0.3142525518277975,0.029230190070951255,0.5276905639608637,0.9805031236289777,0.0020000000949949026
4,0.33317815242928916,0.026510547659063567,0.5190694906979663,0.9793289377705076,0.3142525441671353,0.027209586654841574,0.5214310662650683,0.9805031245747997,0.0020000000949949026
5,0.33317815242928916,0.02545696741484503,0.5157834222056277,0.9793289377705076,0.3142525417237066,0.025941878667764682,0.5173358145756433,0.9805031231097677,0.0020000000949949026
