,val_loss,val_auprc,val_auroc,val_acc,loss,auprc,auroc,acc,lr
0,0.13528295085109746,0.1705870236379314,0.8360210394868838,0.9775314595329326,0.11396954574217294,0.12214256017262229,0.6968030966485559,0.9715259041512051,0.0020000000949949026
1,0.06028522539445987,0.20427159336493214,0.8749908695374274,0.9775314595329326,0.07397071162166437,0.18589412967903046,0.8568078325866975,0.9796486794118503,0.0020000000949949026
2,0.06784141499090929,0.2194818772162795,0.8910135195144332,0.9775314595329326,0.07583781315779621,0.2154305993448089,0.8845866934159985,0.9798373238001452,0.0020000000949949026
3,0.06066056271434631,0.22298042590160533,0.8991805469058863,0.9775314595329326,0.07182468177200968,0.22142203042798378,0.8951173908869192,0.9799149966679637,0.0020000000949949026
4,0.06062707639457239,0.23048371787268362,0.9060879905161469,0.9775314595329326,0.06212791729134459,0.22592098400839564,0.9026662398560902,0.9803033787296442,0.0020000000949949026
5,0.0658352016815656,0.23919197702707826,0.9111823048424001,0.9775314595329326,0.06087480816477004,0.23512176723811037,0.9089566511575914,0.9802922864399816,0.0020000000949949026
