,val_loss,val_auprc,val_auroc,val_acc,loss,auprc,auroc,acc,lr
0,0.3428354917295404,0.15913939010854108,0.7435960999048468,0.978729772405851,0.14137409183942973,0.11811428668591803,0.6938761028615443,0.9700722414043423,0.0020000000949949026
1,0.3428354917295404,0.09017485784471262,0.6072514653443957,0.978729772405851,0.31317938534962686,0.11666750272452724,0.6578200118475074,0.9805697031687136,0.0020000000949949026
2,0.3428354917295404,0.06726379413845916,0.5684648708047709,0.978729772405851,0.3131793874340731,0.07718148488495448,0.5852057416654386,0.9805697023650956,0.0020000000949949026
3,0.3428354917295404,0.055735159607312866,0.5502356752583623,0.978729772405851,0.31317938623972474,0.0609956634096221,0.5587049899474084,0.9805697031687136,0.0020000000949949026
4,0.3428354917295404,0.04876882484469534,0.5396606252891993,0.978729772405851,0.31317938360964076,0.051981701959310095,0.5445459864024391,0.9805697026495036,0.0020000000949949026
5,0.3428354917295404,0.0440936672317308,0.5327594899264595,0.978729772405851,0.3131793885528549,0.04627639238612569,0.5359602191728731,0.9805697003808536,0.0020000000949949026
