,val_loss,val_auprc,val_auroc,val_acc,loss,auprc,auroc,acc,lr
0,0.3428354917295404,0.04409777945670535,0.626551956920441,0.978729772405851,0.36362620689986735,0.04620188986655723,0.6155215605362709,0.961106118427786,0.0020000000949949026
1,0.3428354917295404,0.03285914227003368,0.5569761849840125,0.978729772405851,0.31317938675513163,0.0371521596288669,0.583258423865743,0.9805697051529555,0.0020000000949949026
2,0.3428354917295404,0.02889009462626711,0.5366684114216377,0.978729772405851,0.31317938991437555,0.030589143192111347,0.5452649426630647,0.9805697076564075,0.0020000000949949026
3,0.3428354917295404,0.026820471563860283,0.5270190409183597,0.978729772405851,0.3131793880741852,0.0277583405075116,0.5312682837566981,0.9805697033109175,0.0020000000949949026
4,0.3428354917295404,0.025538172646880818,0.5213862751233547,0.978729772405851,0.3131793857418454,0.02611965967555832,0.5240027583532901,0.9805697036879235,0.0020000000949949026
5,0.3428354917295404,0.024660948149090593,0.5176958311144549,0.978729772405851,0.3131793870785631,0.025081643613363794,0.5193825705190822,0.9805697039227255,0.0020000000949949026
