,val_loss,val_auprc,val_auroc,val_acc,loss,auprc,auroc,acc,lr
0,0.33318382183453665,0.03841084810816434,0.5521611150853382,0.9793289377705076,0.24305335625647145,0.04278305404005875,0.6078823599988976,0.9710820356463765,0.0020000000949949026
1,0.33317815242928916,0.02844249487923176,0.5201065399248205,0.9793289377705076,0.3159280078493276,0.03233409189556321,0.5310203885966492,0.9791937163950081,0.0020000000949949026
2,0.33317815242928916,0.025608731414032762,0.5126951984928734,0.9793289377705076,0.314252535070874,0.026819010093772293,0.5157794567912625,0.9805031257554236,0.0020000000949949026
3,0.33317815242928916,0.024177555424863047,0.5092615539355742,0.9793289377705076,0.3142525294663825,0.024817380966463617,0.5107866534585728,0.9805031262746337,0.0020000000949949026
4,0.33317815242928916,0.023310015000743686,0.5072860342312983,0.9793289377705076,0.31425253308845086,0.023713317361964872,0.5081763038601707,0.9805031265590417,0.0020000000949949026
5,0.33317815242928916,0.02272622111053114,0.5060036806305988,0.9793289377705076,0.3142525375687039,0.02297789275832067,0.5066381144342658,0.9805031236289777,0.0020000000949949026
