,val_loss,val_auprc,val_auroc,val_acc,loss,auprc,auroc,acc,lr
0,0.055831170256043325,0.05374440424842156,0.7531311988163928,0.9830237710121175,0.19476936823920904,0.03795270447250097,0.6134169371419872,0.9211025653496041,0.0020000000949949026
1,0.05141251190213607,0.15797418644917757,0.8611913664340497,0.983722789334708,0.04928071083280049,0.10444323686915696,0.8227360926693598,0.9859737916291538,0.0020000000949949026
2,0.040582788166046345,0.26017146846099076,0.8972914987441807,0.9863191448049391,0.041614962518154,0.209894922658665,0.8819011433635656,0.9873386804878705,0.0020000000949949026
3,0.04166738161763624,0.33671627074200305,0.9156125791419973,0.9861194329369394,0.038681716509222495,0.2997683180218902,0.9076952182726874,0.9879379029034132,0.0020000000949949026
4,0.05023861830346206,0.3950978822460045,0.9265596696019578,0.9847213903396268,0.03563742470866593,0.36672587788758354,0.9216155382410546,0.9886480855027963,0.0020000000949949026
5,0.0434215262443115,0.439481320544491,0.9338161500956881,0.9835230655624454,0.034571464086695515,0.4178648412188607,0.9301826089777014,0.9886591888942928,0.0020000000949949026
