,val_loss,val_auprc,val_auroc,val_acc,loss,auprc,auroc,acc,lr
0,0.05046868820538748,0.18798635120291374,0.7578855533430336,0.9852206908420862,0.1266363276577148,0.06819705765952373,0.5082035488465211,0.9733679524685496,0.0020000000949949026
1,0.04268063817276289,0.37526569990000375,0.8630649960157708,0.9876173403964491,0.04832831068665306,0.2963110710580793,0.8235259074055312,0.9862844987891677,0.0020000000949949026
2,0.038658315801313355,0.458778432440753,0.8982083701506475,0.9873177577141209,0.04154702222995644,0.4213190180235943,0.8828824889238296,0.987172231311131,0.0020000000949949026
3,0.03623882549514855,0.5111257891729251,0.916346768716721,0.9882164938568426,0.03795338889857461,0.4868648251817091,0.9082655047652595,0.9880821589024456,0.0020000000949949026
4,0.03690126619048957,0.5461025415291585,0.9278213791750091,0.9875174755342521,0.03589042178234088,0.5290725850928794,0.9225635040970058,0.9884594461214053,0.0020000000949949026
5,0.03481829582336142,0.5722505861183876,0.9357069062691428,0.9890153770416302,0.03463094467744788,0.5593561245963155,0.9320165225980824,0.9886813769724981,0.0020000000949949026
