,val_loss,val_auprc,val_auroc,val_acc,loss,auprc,auroc,acc,lr
0,0.06063394447835469,0.07524099737548628,0.6999832782674889,0.9806271214577545,0.1406831508048159,0.025541682582361523,0.44943500713140777,0.9743222684028277,0.0020000000949949026
1,0.04151741720848373,0.2605530783126329,0.8348861698240536,0.9878170582165803,0.05218178941836467,0.16876755003748994,0.784364187810168,0.983710064538721,0.0020000000949949026
2,0.31225390884655846,0.11672792505879875,0.7120834394131732,0.9806271214577545,0.3584634146598353,0.1422692267579806,0.7693418870581576,0.9698725014523856,0.0020000000949949026
3,0.31225390884655846,0.09349999634393895,0.649551186074462,0.9806271214577545,0.3219400122030037,0.10377329510054904,0.6763718935770988,0.9800148683388155,0.0020000000949949026
4,0.31225390884655846,0.07944104982239057,0.6151308367084262,0.9806271214577545,0.32199194031526474,0.08591536450974639,0.630760002083582,0.9800148699460515,0.0020000000949949026
5,0.31225390884655846,0.0699913607255913,0.5934556715974604,0.9806271214577545,0.32191247402373585,0.07440479157839203,0.6034657009215385,0.9800148693772355,0.0020000000949949026
6,0.31225390884655846,0.06319102941485301,0.5785900986977911,0.9806271214577545,0.32212233348212727,0.06642904562598104,0.5856787175006581,0.9800148719302935,0.0020000000949949026
7,0.31225390884655846,0.05805613036692107,0.5677763025799221,0.9806271214577545,0.32210200553156415,0.060482809513328434,0.5727977754854985,0.9800148666389815,0.0018000000854954123
