,val_loss,val_auprc,val_auroc,val_acc,loss,auprc,auroc,acc,lr
0,0.06652014904782184,0.0469425173548136,0.6450584235723704,0.983123629922183,0.2057407898151368,0.027949192301552538,0.4483180986202164,0.9437176151256956,0.0020000000949949026
1,0.04891302726672903,0.12592049430819932,0.7935059917813555,0.9848212611539554,0.06366586647064616,0.08311471789999239,0.7359771472799748,0.9836323892600485,0.0020000000949949026
2,0.046365398067896094,0.2152746211947951,0.8479945576664738,0.98562013243448,0.05169000841451233,0.17239859980510192,0.8248311920427777,0.985873919816098,0.0020000000949949026
3,0.04174953614152237,0.28350635748174297,0.8765450023428656,0.9871180339418583,0.04656121087437958,0.2506906401959986,0.86373048946292,0.9865952035383276,0.0020000000949949026
4,0.04207549347844983,0.3441133350520784,0.8942768189134249,0.9867185923494645,0.042587933288991624,0.31535442636388106,0.8861200191645335,0.9872388100472489,0.0020000000949949026
5,0.038298096199340576,0.3897477238447766,0.9060055648635337,0.9878170463123173,0.041187513373904694,0.36865730126316515,0.9006746773970226,0.9877159671876204,0.0020000000949949026
