,val_loss,val_auprc,val_auroc,val_acc,loss,auprc,auroc,acc,lr
0,0.3428428649324279,0.10699557309882093,0.6844447847133581,0.978729772405851,0.17011157097635451,0.08079602409973959,0.6243883227270726,0.9699168857574166,0.0020000000949949026
1,0.3428413635072587,0.06414988197703216,0.5829220213455808,0.978729772405851,0.3131754560544501,0.08060550044372168,0.6211017730304391,0.9805697031687136,0.0020000000949949026
2,0.34284216853304317,0.04981487728796701,0.553244036782495,0.978729772405851,0.3130991301539126,0.05600592000736637,0.5661417833160809,0.9805697023650956,0.0020000000949949026
3,0.34284251078060407,0.04256779230820078,0.539121440672603,0.978729772405851,0.3131578973184401,0.045853128215602494,0.5457236434884574,0.9805697031687136,0.0020000000949949026
4,0.3428421566287802,0.03817579519157641,0.5308877243023327,0.978729772405851,0.31310893351058683,0.04019766990482097,0.5346995585569311,0.9805697026495036,0.0020000000949949026
5,0.34284458361039666,0.035222522146584674,0.5255061163739433,0.978729772405851,0.3131351872478472,0.036603148865578,0.5280056397001104,0.9805697003808536,0.0020000000949949026
