,val_loss,val_auprc,val_auroc,val_acc,loss,auprc,auroc,acc,lr
0,0.07409138435130336,0.33142309326217967,0.8693975944801888,0.978729772405851,0.08862205850947834,0.17690562113613714,0.6808429919972404,0.9808360253391329,0.0020000000949949026
1,0.043677677944100185,0.4451463835216078,0.9067365288115414,0.9867185923494645,0.05132047981756305,0.38726450618272673,0.8903850294771218,0.9861069493361915,0.0020000000949949026
2,0.14155642457988954,0.4757761864967396,0.9124737565141727,0.978729772405851,0.0522852078222712,0.4782290250204816,0.915155475802778,0.9859404994484318,0.0020000000949949026
3,0.3428355095859349,0.38549390300700637,0.8275354349472719,0.978729772405851,0.24703620767859802,0.4359684030136899,0.8790759642323632,0.9810357675928104,0.0020000000949949026
4,0.3428355095859349,0.3141288739467824,0.7559459673232225,0.978729772405851,0.31318406036973406,0.34718027027012544,0.788825467775052,0.9805697031687136,0.0020000000949949026
5,0.3428355095859349,0.26633953498775004,0.7099322010734159,0.978729772405851,0.31318224457353006,0.2887329708298721,0.7313642002999236,0.9805697020806875,0.0020000000949949026
6,0.3428355066098691,0.23206152164438468,0.6778971457257584,0.978729772405851,0.3131814058831364,0.24833158674343506,0.6930455968187555,0.9805697033109175,0.0020000000949949026
7,0.3428355066098691,0.20627089217974798,0.6543535064717646,0.978729772405851,0.31302715355735067,0.21888299444724554,0.6659059649040703,0.9805697022228915,0.0020000000949949026
8,0.34283579528824654,0.18612582703026703,0.6362790255363721,0.978729772405851,0.3130933977889638,0.19564797486969557,0.6447653383539435,0.9805697030265096,0.0018000000854954123
