,val_loss,val_auprc,val_auroc,val_acc,loss,auprc,auroc,acc,lr
0,0.05666614614571894,0.03795704332914852,0.7030997804141174,0.9811264279123455,0.19243880256122758,0.03551792763683282,0.5493351674629398,0.9451157928580645,0.0020000000949949026
1,0.10087059709794606,0.12832477545343,0.8414802338778437,0.9631515919674126,0.0491614808735457,0.06737298078884865,0.7888640283450904,0.983366071008507,0.0020000000949949026
2,0.04702930352277645,0.26406048287977735,0.8875702253496526,0.9858198562067427,0.04255619753127619,0.20166856039247294,0.8679223998982398,0.9861624333717927,0.0020000000949949026
3,0.04020735858205337,0.359423511925157,0.9104927217077061,0.9878170641687117,0.03824146703845174,0.3158965730394744,0.9003951350775125,0.9881043533103828,0.0020000000949949026
4,0.03907912601189495,0.4257671901606885,0.9236875855806037,0.9883163527669082,0.03534345404060208,0.39512773821674224,0.9176454401856761,0.9890031843591427,0.0020000000949949026
5,0.03731697662094571,0.4742620224328438,0.93241595306486,0.9883163527669082,0.034091172729084414,0.4511553845165406,0.9284700243001359,0.989336081723808,0.0020000000949949026
6,0.03923320221421347,0.5124595325365022,0.9389448973478756,0.988715794359302,0.032189709864383916,0.4954946468539356,0.9360521367155593,0.989646787795796,0.0020000000949949026
