,val_loss,val_auprc,val_auroc,val_acc,loss,auprc,auroc,acc,lr
0,0.08459236959283024,0.13511462498918275,0.7036239761351015,0.9715398356470253,0.18091398842307602,0.05622464792655827,0.5047439477452875,0.9428631669012263,0.0020000000949949026
1,0.05931993491132209,0.28000007780197733,0.8416143572566179,0.9830237769642489,0.04812766475494285,0.213121642264918,0.7903012987854797,0.9864065584886187,0.0020000000949949026
2,0.04349796650697804,0.3710057288378519,0.8849186453367865,0.9853205557042833,0.04001198684765088,0.33342954219502086,0.8672193766747466,0.9876826770407465,0.0020000000949949026
3,0.039273513491018645,0.4361572684238408,0.9068981241937024,0.9871180279897267,0.036787605832398276,0.40429979437223024,0.8966108540045071,0.9886037030166537,0.0020000000949949026
4,0.044535396519828616,0.4828920984294378,0.9199905293488279,0.9850209670698236,0.034858413770497976,0.46214735267111184,0.9141423580791153,0.9890475708137693,0.0020000000949949026
5,0.03538813691174536,0.5179348086820336,0.929000070108395,0.9879169171266459,0.03392961495582755,0.4997473520552513,0.9247022734159334,0.989336085030878,0.0020000000949949026
