,val_loss,val_auprc,val_auroc,val_acc,loss,auprc,auroc,acc,lr
0,0.04585078836829572,0.27865996446132374,0.7760408422726462,0.9859197151168083,0.13327011522742557,0.09486159857862744,0.5275846871232082,0.9730239587399114,0.0020000000949949026
1,0.04144256332409681,0.4206991073957622,0.8760131120753188,0.9860195680747423,0.04351253929645865,0.3642741528537271,0.8393300172703675,0.9870723634665591,0.0020000000949949026
2,0.3541651984413583,0.3205706322885974,0.7635685984474565,0.9780307540832605,0.2646409022349318,0.3813375711900061,0.8296120458177727,0.9806140936844221,0.0020000000949949026
3,0.3541052619633339,0.22576981665656218,0.6895164565481015,0.9780307540832605,0.30564497533926827,0.2763045404074093,0.7213268026674667,0.9796486753011624,0.0020000000949949026
4,0.35410385577226855,0.18518711861936493,0.6465566835290114,0.9780307540832605,0.3118974136190011,0.20334205973430372,0.6653439479363812,0.9806473801472201,0.0020000000949949026
5,0.35410408641736396,0.15809287809970876,0.6193442491087963,0.9780307540832605,0.3118951237028929,0.17044197261486912,0.6315038059145026,0.980647382792876,0.0020000000949949026
6,0.35410437955984,0.13870297897319153,0.6005986779303234,0.9780307540832605,0.3118928857721344,0.1478386711998614,0.6093676204711398,0.980647380431628,0.0020000000949949026
7,0.3541047113911708,0.12413078945763267,0.5869151953572829,0.9780307540832605,0.31189027418275883,0.13105142665495442,0.5933754961189317,0.9806473796280101,0.0020000000949949026
