,val_loss,val_auprc,val_auroc,val_acc,loss,auprc,auroc,acc,lr
0,0.05746569018494781,0.20912294731433934,0.7503749590470498,0.9858198443024797,0.1300213781410236,0.08358097837802733,0.5019570686425692,0.9761976111662369,0.0020000000949949026
1,0.043607938218979375,0.3630772548769914,0.8566534669308313,0.986818439355267,0.05033553620610406,0.2967730539996081,0.8155309132169161,0.9856075968420606,0.0020000000949949026
2,0.04205349262884519,0.44724568884149385,0.8946717878361293,0.9869183042174641,0.04109644998625877,0.408367195198261,0.878888430684239,0.9873386793072466,0.0020000000949949026
3,0.04149637867690817,0.4996109293658076,0.9137974939042517,0.9869183161217271,0.03807107049959872,0.474475307082805,0.9047364713233782,0.9874274578352117,0.0020000000949949026
4,0.03852491826702535,0.5388775042533304,0.9254203088416391,0.9878170582165803,0.03568300074165738,0.5209813550902872,0.9203537027580831,0.9880488699361956,0.0020000000949949026
5,0.03596818585035084,0.5682657729229433,0.9333929727718886,0.9890153710894988,0.03428175324042481,0.5550982102386135,0.9297058005876999,0.9885704103663278,0.0020000000949949026
