,val_loss,val_auprc,val_auroc,val_acc,loss,auprc,auroc,acc,lr
0,0.304206138992634,0.0765369236573431,0.6409526227928575,0.9811264279123455,0.2012908139585733,0.07045058605788118,0.6345760383143708,0.9721473212359435,0.0020000000949949026
1,0.304206138992634,0.04882924807495478,0.5627744326530542,0.9811264279123455,0.31747196966432634,0.05913200055144439,0.5900494824897217,0.9803033820367142,0.0020000000949949026
2,0.304206138992634,0.03950637135307232,0.5402400756944123,0.9811264279123455,0.3174719649041298,0.04348202270206295,0.549543454042479,0.9803033824137202,0.0020000000949949026
3,0.304206138992634,0.03477945903939998,0.5295898311981451,0.9811264279123455,0.3174719632717601,0.036902578120220145,0.5341993312958346,0.9803033799102682,0.0020000000949949026
4,0.304206138992634,0.03190758829556565,0.5233918707456945,0.9811264279123455,0.3174719628425024,0.0332405702371304,0.5261157726644127,0.9803033817523061,0.0020000000949949026
5,0.304206138992634,0.029972077362032525,0.5193387239498841,0.9811264279123455,0.3174719637291279,0.030887241054180413,0.5211706913202641,0.9803033805716822,0.0020000000949949026
