,val_loss,val_auprc,val_auroc,val_acc,loss,auprc,auroc,acc,lr
0,0.05363027800178847,0.044930985185892634,0.7203234767328128,0.9805272565955575,0.19532360477782026,0.03743102577187205,0.5658912898255555,0.9490995030369697,0.0020000000949949026
1,0.04524765539202346,0.13973785727615007,0.8411835951078479,0.9863191567092021,0.06016077923971754,0.08098420863458208,0.7948146281239513,0.9835990976481426,0.0020000000949949026
2,0.042371231817982795,0.2506976981755381,0.8825003009297687,0.9864190096671361,0.05119728519953686,0.19834539013340335,0.8651402927976048,0.9858739196738939,0.0020000000949949026
3,0.045242892793450964,0.32965645973782876,0.9034731822002426,0.9860195680747423,0.0445334577180244,0.2922332916695955,0.8943281093251657,0.9869281067135148,0.0020000000949949026
4,0.03960213407460062,0.3849243381160544,0.9164194111126922,0.9878170463123173,0.04177533194367907,0.3595136723123428,0.910658986565911,0.9870057817077793,0.0020000000949949026
5,0.04259738261529267,0.4339536300361668,0.9257880567980545,0.9855202735244144,0.039214713609344136,0.41052173637136863,0.9215052228459045,0.987760355861291,0.0020000000949949026
