,val_loss,val_auprc,val_auroc,val_acc,loss,auprc,auroc,acc,lr
0,0.057874223295687484,0.06928532151272845,0.7752321377494794,0.9847213903396268,0.16014985458552639,0.041195820086376074,0.6069991675158393,0.9469356522472866,0.0020000000949949026
1,0.053675507449770773,0.22542099363020088,0.8735230038902682,0.9864190096671361,0.04892228311792238,0.14086743979891792,0.8374572919522991,0.9852525015275861,0.0020000000949949026
2,0.04613918876191253,0.3646870626466632,0.9055473882327757,0.9875174755342521,0.04170304493567117,0.3003222820238737,0.8918524046264709,0.987327585694756,0.0020000000949949026
3,0.044892803724865975,0.445334805624676,0.9213100571177166,0.9879169171266459,0.03828203158524271,0.41039564358501135,0.9146384977885089,0.9882929996829196,0.0020000000949949026
4,0.044148097046140734,0.4991257563307777,0.9309394251736001,0.988815659221499,0.03611940003660591,0.47421832863642704,0.9265412168879973,0.9888811187069657,0.0020000000949949026
5,0.04146143162654854,0.5374609668121049,0.937485051078903,0.988815659221499,0.035029384616588326,0.5203526246385917,0.9346039610605024,0.9892916927657295,0.0020000000949949026
