,val_loss,val_auprc,val_auroc,val_acc,loss,auprc,auroc,acc,lr
0,0.047665618605068114,0.3094717276734412,0.8415088491428391,0.9851208319320206,0.10013261876749986,0.1816858556784862,0.6586821706816975,0.9726466707768608,0.0020000000949949026
1,0.31227714447987603,0.25234715940829927,0.7559701624044239,0.9806271214577545,0.19816805336834836,0.30976313629915725,0.8318181361076323,0.9805364159022976,0.0020000000949949026
2,0.3122821174857388,0.17609136419332452,0.6606810525169814,0.9806271214577545,0.32201289372767083,0.20812298536597634,0.6996487405768765,0.9800148700882555,0.0020000000949949026
3,0.3122795848537883,0.1378610998523052,0.61670590601735,0.9806271214577545,0.3219249309536615,0.15487430671866714,0.6359917648574058,0.9800148712688794,0.0020000000949949026
4,0.3113315976425684,0.11481516980883222,0.5914196897724419,0.9806271214577545,0.32148775547262987,0.12531016143634038,0.6028337182635091,0.9800148683388155,0.0020000000949949026
5,0.31225390884655846,0.09172751746933355,0.5748854970322509,0.9806271214577545,0.32738541192563264,0.09926261479456651,0.5825406286075868,0.9780063671606555,0.0020000000949949026
6,0.31225390884655846,0.08178451495099644,0.5635819684156811,0.9806271214577545,0.32212225951983825,0.08656530122778745,0.5690740366605478,0.9800148698038474,0.0020000000949949026
