,val_loss,val_auprc,val_auroc,val_acc,loss,auprc,auroc,acc,lr
0,0.07491373234832877,0.01346078589505378,0.5428895954273079,0.9893999400968672,0.091101906397698,0.013378036386313862,0.5342297132542738,0.976382387020903,0.0020000000949949026
1,0.060007688473590406,0.015433054455486527,0.584475042408145,0.9893999400968672,0.06692465834380561,0.014750198822717168,0.5697711920640303,0.9879761142996825,0.0020000000949949026
2,0.06175786722889253,0.01814338782350169,0.6217607186185411,0.9893999400968672,0.06253199331784935,0.016926209685156325,0.6066295246827946,0.9879761149455485,0.0020000000949949026
3,0.06256271599871693,0.022035512961265248,0.6557276817178581,0.9893999400968672,0.05889182572414792,0.020459553305940296,0.6434232503565513,0.9879761149101418,0.0020000000949949026
4,0.06465509209460142,0.027101261854406623,0.6854326551944411,0.9893999400968672,0.0555343197928958,0.024927434822712084,0.6735992714722855,0.9879658738097721,0.0020000000949949026
5,0.06758344109975442,0.03485965255037718,0.7131061097841371,0.9893077668896226,0.050992298487948416,0.03154528421092868,0.7014656646598981,0.987965876253441,0.0020000000949949026
