,val_loss,val_auprc,val_auroc,val_acc,loss,auprc,auroc,acc,lr
0,0.05348377445000662,0.2579441989506222,0.7713445115760817,0.9833233477423142,0.13451491631657184,0.093172211971993,0.5230015156657112,0.9727021529935735,0.0020000000949949026
1,0.043269134356690685,0.4223518260039087,0.8768026716032499,0.986319168613465,0.04176612297411961,0.3536698622596906,0.8381042006605309,0.9873497791568712,0.0020000000949949026
2,0.07115351264306426,0.4869994976002941,0.9077820238391868,0.9766327174380793,0.03852775846834259,0.4614152031561421,0.8946021512974721,0.9881154485301095,0.0020000000949949026
3,0.3492752277870634,0.43048654063652203,0.8606476564714003,0.9783303308134572,0.15606277284000253,0.47904172598146927,0.9011247450474892,0.9817237573418862,0.0020000000949949026
4,0.3492755015851121,0.34969960809325373,0.7772969971618324,0.9783303308134572,0.31240427512965513,0.38753900261523316,0.81590885271045,0.9806140898581421,0.0020000000949949026
5,0.34927602834874927,0.29573185921953377,0.7248953223252264,0.9783303308134572,0.31240069599604137,0.3211539462250913,0.7493823692940872,0.9806140888197221,0.0020000000949949026
6,0.3492766057055041,0.25709426267932267,0.6890004640428373,0.9783303308134572,0.3123975446691647,0.2753899363185541,0.7058869415490336,0.9806140885353142,0.0020000000949949026
7,0.34927714734947,0.22804812942349748,0.6629128825266918,0.9783303308134572,0.312394763068477,0.24194588385347834,0.6753443781876914,0.980614091415772,0.0020000000949949026
8,0.3492782395655991,0.2054052573878155,0.6431140260756408,0.9783303308134572,0.3123918246577757,0.21617521417345734,0.6524691748891847,0.9806140917001801,0.0020000000949949026
