,val_loss,val_auprc,val_auroc,val_acc,loss,auprc,auroc,acc,lr
0,0.33298239277660113,0.18056871914770734,0.7233698238554128,0.9793289377705076,0.14818084188617456,0.12263662631177913,0.6335932173273308,0.9723914475102441,0.0020000000949949026
1,0.33319155216531376,0.10013714675414531,0.5969000468002671,0.9793289377705076,0.3141712063008722,0.13046299267829728,0.6424761475311839,0.9805031252362136,0.0020000000949949026
2,0.33318862669268473,0.07367818178067742,0.5614282099196409,0.9793289377705076,0.3141684224095425,0.08497841831416605,0.5763426436955895,0.9805031229675637,0.0020000000949949026
3,0.3331879347573986,0.06043634976241578,0.5448684643456292,0.9793289377705076,0.31416156296009523,0.06629750075567513,0.5520008471898754,0.9805031223061497,0.0020000000949949026
4,0.3331883930715236,0.05246636104891465,0.5353152709543432,0.9793289377705076,0.314164786789454,0.056127144081918476,0.539669143039377,0.9805031217869398,0.0020000000949949026
5,0.3331912247980816,0.04712846477141941,0.5290675924665703,0.9793289377705076,0.31418766062763964,0.04962560427175215,0.5319940628095539,0.9805031229675637,0.0020000000949949026
