,val_loss,val_auprc,val_auroc,val_acc,loss,auprc,auroc,acc,lr
0,0.06572969896048873,0.032566785113002476,0.666863503928953,0.978729772405851,0.17284069102654048,0.02040483002510626,0.4331988770218041,0.9782948818969741,0.0020000000949949026
1,0.05540586176784257,0.07515688396176345,0.816015860706788,0.978729772405851,0.05717585469023893,0.05293248604836299,0.7588891582175662,0.9805697011844716,0.0020000000949949026
2,0.04990765054782565,0.12152225978185918,0.8659882702607463,0.978729772405851,0.05131495811015985,0.09858115242410598,0.8450283299937806,0.9805697022228915,0.0020000000949949026
3,0.05683474823615259,0.22191045270938467,0.8914355027454209,0.9801278196339219,0.046578008772438804,0.16211014682515326,0.8801760052818988,0.9835990977407405,0.0020000000949949026
4,0.05044106034260107,0.3206806127208899,0.9069749483191755,0.9867185863973329,0.04179329626153964,0.27568148038651785,0.9003022082727645,0.987172229988303,0.0020000000949949026
5,0.03976701301901443,0.38876236468369024,0.9175625909153325,0.9884162116769738,0.04050975262429881,0.3540083597323013,0.9122897281399307,0.9876493885937065,0.0020000000949949026
