,val_loss,val_auprc,val_auroc,val_acc,loss,auprc,auroc,acc,lr
0,0.0570315533928277,0.04906560313265338,0.7003711163461959,0.9813261457324766,0.17166619094937496,0.03444476520482101,0.4913995559053076,0.9507418156469816,0.0020000000949949026
1,0.05105988831882052,0.22499302823326414,0.8453031000034857,0.9854204146143488,0.0465512143577529,0.12626119072139888,0.7924622611511547,0.9860070784689576,0.0020000000949949026
2,0.0542216904607211,0.3535554100885252,0.888863567442196,0.9821250289172643,0.04035837607094683,0.2898387784642629,0.8698199249478522,0.9879157067956419,0.0020000000949949026
3,0.04076851814998667,0.4292595993920146,0.9104191943488246,0.9878170463123173,0.03716578649235571,0.3938407115155837,0.9005906971438276,0.9883706739231722,0.0020000000949949026
4,0.04970917670136764,0.4786229298718085,0.9228107306279654,0.9859197091646767,0.03502092775413401,0.45657444913094664,0.9173862983619386,0.9889809910392314,0.0020000000949949026
5,0.04176851515303862,0.5149463761798012,0.9308083609761367,0.988615929497105,0.034136706266319844,0.4954203030983631,0.9268141919003214,0.9892140184328789,0.0020000000949949026
