,val_loss,val_auprc,val_auroc,val_acc,loss,auprc,auroc,acc,lr
0,0.06339406443821924,0.05648850862383961,0.7349473465481798,0.978729772405851,0.12710424714372542,0.025745935138721608,0.5017737159875362,0.9705272030983567,0.0020000000949949026
1,0.17670099796150315,0.22724715525789224,0.8411296076919353,0.9863191507570706,0.05351268870142507,0.14711427297769106,0.8086978938450267,0.9826003980933968,0.0020000000949949026
2,0.3541023736915267,0.16635252164822983,0.7055786398801352,0.9780307540832605,0.3100997590192703,0.19786777477732315,0.7678741102340751,0.9805697043493375,0.0020000000949949026
3,0.3541023736915267,0.13024243060666835,0.6430379298482323,0.9780307540832605,0.3116732624904258,0.14601253032342376,0.6693755074471861,0.9806473805242261,0.0020000000949949026
4,0.3541023736915267,0.10855982567953544,0.6091552321987521,0.9780307540832605,0.31167555643090744,0.11843911346836399,0.6242767204425279,0.9806473769327481,0.0020000000949949026
5,0.3541023736915267,0.09407010020783782,0.5880149081007126,0.9780307540832605,0.3118125281096396,0.10079332906545099,0.5976628854877245,0.980647380950838,0.0020000000949949026
6,0.3541023736915267,0.08369006742099243,0.5736021164626877,0.9780307540832605,0.311944502045362,0.0885787613243693,0.5803194836079522,0.980647382131462,0.0020000000949949026
7,0.3541023736915267,0.07589931347983456,0.5633089566792655,0.9780307540832605,0.31138668683209203,0.07957285151408264,0.5680852873974036,0.980647381327844,0.0020000000949949026
