,val_loss,val_auprc,val_auroc,val_acc,loss,auprc,auroc,acc,lr
0,0.07579143164485591,0.06038762853129886,0.686822560368266,0.9800279620452296,0.143217549759547,0.023408937239363298,0.4268628683410017,0.9745109116104985,0.0020000000949949026
1,0.04410865882017084,0.27299571374778336,0.8267170515083281,0.9871180279897267,0.05215720828040411,0.17351771325889234,0.7731668110970158,0.9846088955874809,0.0020000000949949026
2,0.36215017330610866,0.2309380123863826,0.7759718071778711,0.9775314595329326,0.18843117967827197,0.2801987891199612,0.8281784383800113,0.9785833971525028,0.0020000000949949026
3,0.36215017330610866,0.17894871585593386,0.6913065843794526,0.9775314595329326,0.31657123014645727,0.2017374497353822,0.727188572479535,0.9803588683409654,0.0020000000949949026
4,0.36215017330610866,0.14773570236829742,0.6456198535661677,0.9775314595329326,0.31657767655778896,0.16211193823799974,0.6663370957705756,0.9803588651264934,0.0020000000949949026
5,0.36215017330610866,0.12688775995379084,0.6172579704155721,0.9775314595329326,0.31655538250518805,0.13658980118899905,0.630276008147523,0.9803588662145194,0.0020000000949949026
6,0.36215017330610866,0.11196194258348323,0.5980152986781526,0.9775314595329326,0.316556318756041,0.118920215347185,0.6068286563232682,0.9803588668759333,0.0020000000949949026
7,0.36215017330610866,0.10074042677968616,0.584135035661873,0.9775314595329326,0.3165519793612046,0.10599294481304702,0.5905021565729863,0.9803588672529393,0.0020000000949949026
