,val_loss,val_auprc,val_auroc,val_acc,loss,auprc,auroc,acc,lr
0,0.0995676752361401,0.02144263385208586,0.5483944818053104,0.978729772405851,0.13761166783239095,0.01971732386624619,0.5246684493047811,0.959596965945587,0.0020000000949949026
1,0.09944319704278562,0.025538275293248463,0.6019849691630029,0.978729772405851,0.09683590688861618,0.023641314084169147,0.5827913385279833,0.9805475124448523,0.0020000000949949026
2,0.10112288428776656,0.030723418856669453,0.6441417506218718,0.978729772405851,0.09106168646044577,0.028421393962441623,0.6267958008540722,0.9805586056803369,0.0020000000949949026
3,0.20446686671062075,0.0359971994991333,0.6765190399952555,0.978729772405851,0.08587908627535043,0.034061330928972754,0.6638158156283746,0.9805586061995469,0.0020000000949949026
4,0.14147377416180137,0.04308665124169362,0.7050085827002917,0.978729772405851,0.07877281110152985,0.03956119517243058,0.6937109379596298,0.9805808024991282,0.0020000000949949026
5,0.14423497226130624,0.056305303042469945,0.7339731347472791,0.978729772405851,0.06838787686879762,0.05042569654931054,0.7226321044565007,0.980525316337081,0.0020000000949949026
6,0.13378134444921416,0.07510415548118309,0.7613399051991389,0.9786299121744123,0.05970966009552547,0.06715277407322447,0.7505602807672025,0.9808582190856562,0.0020000000949949026
7,0.16536898472327208,0.09991249980024408,0.7854992042217327,0.9780307540832605,0.05082737451920524,0.088800788087932,0.7753311498825725,0.9823118854835242,0.0020000000949949026
8,0.15695002574023675,0.12865865343948407,0.8057339039062201,0.9750349451163726,0.04503328414702885,0.11577005100115713,0.7967763092679582,0.984142836547294,0.0020000000949949026
