,val_loss,val_auprc,val_auroc,val_acc,loss,auprc,auroc,acc,lr
0,0.05619705456093442,0.29354109554226965,0.8523819748217745,0.9850209789740866,0.10413688116093643,0.12204072198502618,0.6672944221008776,0.9648013118009735,0.0020000000949949026
1,0.06710930616979972,0.414816578211412,0.9062319168293097,0.9830237710121175,0.04182988952374119,0.373996332412961,0.8869142128304053,0.9864953334747119,0.0020000000949949026
2,0.3428354917295404,0.3050526178583119,0.8074039632935521,0.978729772405851,0.22907374819342005,0.369823429672458,0.8745048140747175,0.9801147369870054,0.0020000000949949026
3,0.3428354917295404,0.2353650493038041,0.7218919999232329,0.978729772405851,0.31317938757462355,0.26707400929629266,0.7603457132319138,0.9805697039227255,0.0020000000949949026
4,0.3428354917295404,0.1933576394030975,0.673406683901053,0.978729772405851,0.3131793859458916,0.21257704027259258,0.6953518281224572,0.9805697050107516,0.0020000000949949026
5,0.3428354917295404,0.165220983685051,0.6422411278619341,0.978729772405851,0.31317938706649223,0.17824386442502102,0.6565273199903214,0.9805697038301275,0.0020000000949949026
6,0.3428354917295404,0.14503475515957195,0.620541699053595,0.978729772405851,0.31317938757462355,0.1544968499999702,0.6306343624531162,0.9805697065683815,0.0020000000949949026
7,0.3428354917295404,0.12983366719662656,0.6045724089711827,0.978729772405851,0.3131793861955754,0.13718377957344902,0.612317305212061,0.9805697034035156,0.0018000000854954123
