,val_loss,val_auprc,val_auroc,val_acc,loss,auprc,auroc,acc,lr
0,0.36215017330610866,0.07197118089100023,0.6226764662265302,0.9775314595329326,0.20817992238112012,0.06892917700665717,0.6190211775114596,0.9716701644957274,0.0020000000949949026
1,0.36215017330610866,0.0464637203233933,0.5540602504909455,0.9775314595329326,0.31657767959764765,0.055853961029470496,0.5774143668943498,0.9803588655531054,0.0020000000949949026
2,0.36215017330610866,0.0379453295522258,0.5345256181565116,0.9775314595329326,0.31657767695199174,0.0415695229230878,0.5425019341262693,0.9803588655531054,0.0020000000949949026
3,0.36215017330610866,0.033640685646577295,0.5253396486840801,0.9775314595329326,0.3165776782710453,0.03557080283101429,0.5294191189363188,0.9803588637110674,0.0020000000949949026
4,0.36215017330610866,0.031030680066886387,0.5200088174847374,0.9775314595329326,0.3165776753599682,0.03222047313837814,0.5225206977854091,0.9803588667337294,0.0020000000949949026
5,0.36215017330610866,0.029274144538218614,0.51652891653275,0.9775314595329326,0.31657767744441445,0.030092809253414118,0.518155853675857,0.9803588619616274,0.0020000000949949026
