,val_loss,val_auprc,val_auroc,val_acc,loss,auprc,auroc,acc,lr
0,0.09892871589456606,0.05314148739367182,0.7278355655375892,0.9791292199503764,0.1272351070658954,0.024479138404149125,0.5006829225195655,0.9703163641235427,0.0020000000949949026
1,0.33317815242928916,0.19163838139319814,0.796571151996435,0.9793289377705076,0.08541498007361842,0.138060284375778,0.7981212900661867,0.9828001377014184,0.0020000000949949026
2,0.33317815242928916,0.1350961935503506,0.6748441951775327,0.9793289377705076,0.3141267426293037,0.15915231626079712,0.7244844816773358,0.9805031257554236,0.0020000000949949026
3,0.33317815242928916,0.1068301668451269,0.6227119558700811,0.9793289377705076,0.3142617049319955,0.11949205511768843,0.645545071652024,0.9805031262746337,0.0020000000949949026
4,0.33317815242928916,0.08982291975396585,0.5941563602309992,0.9793289377705076,0.31426378208693084,0.0976143969354132,0.6070160116950611,0.9805031265590417,0.0020000000949949026
5,0.33317815242928916,0.07844973559243393,0.5762816345903576,0.9793289377705076,0.31412698581502413,0.083832956090316,0.5847662676771925,0.9805031236289777,0.0020000000949949026
6,0.33317815242928916,0.07030124088110551,0.564092956249743,0.9793289377705076,0.3139905208921814,0.07408299061374665,0.5695930720394188,0.9805031220217417,0.0020000000949949026
