,val_loss,val_auprc,val_auroc,val_acc,loss,auprc,auroc,acc,lr
0,0.1053149030058951,0.2367067004252461,0.7739259244582838,0.9721390069638133,0.12308725579308624,0.07267419517452645,0.48668095307527576,0.9808804118863574,0.0020000000949949026
1,0.08325671618839676,0.402471736528832,0.8760794843531235,0.9747353743383074,0.044016343574131665,0.3367380744126427,0.8377501508338948,0.9867505546148826,0.0020000000949949026
2,0.04629409045043268,0.4757922892325744,0.9065749878913837,0.9854204086622174,0.039539409374545226,0.4429867214265604,0.8943326252217985,0.9879933848621745,0.0020000000949949026
3,0.04136268753315755,0.5241389514110939,0.9223455822893977,0.9871180339418583,0.03646085878053515,0.5021197226661652,0.9151795273851441,0.9885815122001944,0.0020000000949949026
4,0.045317681954993604,0.5597432094799298,0.9318766681905609,0.9847213903396268,0.03458650387478489,0.5444298338786631,0.9279942721644697,0.9894248578905251,0.0020000000949949026
5,0.04246060784772179,0.5823594061276478,0.9379763696182744,0.9853205557042833,0.034355605646568727,0.5706906342118291,0.935362582990925,0.9888145382710138,0.0020000000949949026
