,val_loss,val_auprc,val_auroc,val_acc,loss,auprc,auroc,acc,lr
0,0.05619743868081033,0.12263313470330571,0.6753889777499901,0.986219291847005,0.16339417814744453,0.05795870305567076,0.45445470574499597,0.961328048033767,0.0020000000949949026
1,0.05149791300465954,0.28622154756675156,0.8232979338779073,0.9855202735244144,0.05309643394307438,0.21257197936768815,0.768224891834269,0.9854300513575683,0.0020000000949949026
2,0.04454256727021708,0.3741117898506487,0.8716118740468819,0.9874176166241865,0.04491076403878567,0.33467473372532136,0.8513255645042028,0.9862623022547844,0.0020000000949949026
3,0.04438654341111739,0.43479742982060415,0.8961133318840684,0.986219303751268,0.040917212777650376,0.40364645254514475,0.885274999342128,0.986828234900459,0.0020000000949949026
4,0.04078952750314413,0.4796457821758107,0.9109938956911702,0.9876173284921861,0.03851503203292548,0.4590295668680359,0.9041280974786685,0.987638292051152,0.0020000000949949026
5,0.04083567541891057,0.5144046653595565,0.9210947139405528,0.9876173284921861,0.03618362154500963,0.4977945491089683,0.9162757062637633,0.9882042228547886,0.0020000000949949026
