,val_loss,val_auprc,val_auroc,val_acc,loss,auprc,auroc,acc,lr
0,0.157365180471838,0.2981857072159466,0.8652690324165256,0.9289994102193849,0.08878699230569624,0.1659543142629643,0.6928603570457595,0.9745774974799664,0.0020000000949949026
1,0.3332274182216604,0.1714600911987073,0.6831906094078726,0.9793289377705076,0.2964169441306356,0.2285270192010087,0.769597887303004,0.9794822294314928,0.0020000000949949026
2,0.3332123072478314,0.12161796676772117,0.6151195000526027,0.9793289377705076,0.3141894831538964,0.14270335448955038,0.643198340305435,0.9805031256132196,0.0020000000949949026
3,0.33320214547133925,0.09665084290533026,0.5836589712093804,0.9793289377705076,0.3141758712962582,0.10774413636831151,0.5974002212799584,0.9805031236289777,0.0020000000949949026
4,0.3331953258166806,0.08161904140250374,0.5656444277738606,0.9793289377705076,0.3141682445973197,0.08854535482766389,0.5738973279008959,0.9805031198026978,0.0020000000949949026
5,0.3331922470766656,0.07155841786435961,0.5539857550773979,0.9793289377705076,0.31417472419671094,0.07628197750739905,0.5594606628160493,0.9805031236289777,0.0020000000949949026
6,0.3331892591066559,0.06434695479789845,0.5458441365615132,0.9793289377705076,0.3141709989616405,0.06772217146102912,0.5495957743848123,0.9805031198026978,0.0020000000949949026
