,val_loss,val_auprc,val_auroc,val_acc,loss,auprc,auroc,acc,lr
0,0.05711047404376142,0.05631557323852532,0.7023105711096034,0.9811264279123455,0.13871222609373773,0.024946521412847134,0.4488673461726083,0.9745552975922142,0.0020000000949949026
1,0.3042061925618174,0.10546019057897077,0.6993226164802001,0.9811264279123455,0.17980447496727292,0.10784453417902994,0.7441041062493504,0.9802700896211902,0.0020000000949949026
2,0.304206138992634,0.053925918672990486,0.6211001629455136,0.9811264279123455,0.4041963655405327,0.08279573512810244,0.6533565415334626,0.9701277221973614,0.0020000000949949026
3,0.304206138992634,0.04597752072498878,0.5865173620189144,0.9811264279123455,0.31747196506948333,0.049520705110961585,0.6013683586218389,0.9803033810908922,0.0020000000949949026
4,0.304206138992634,0.04111757527479565,0.5671710383875394,0.9811264279123455,0.3174719653228049,0.04335685606395595,0.5759564594795359,0.9803033830751341,0.0020000000949949026
5,0.304206138992634,0.037824637056980304,0.5548495424824702,0.9811264279123455,0.3174719663784216,0.039353295150346725,0.5601990274765922,0.9803033835017462,0.0020000000949949026
6,0.304206138992634,0.03543917513343658,0.546327962629186,0.9811264279123455,0.31747196654377513,0.0365669319391332,0.5502372069893089,0.9803033835017462,0.0020000000949949026
