,val_loss,val_auprc,val_auroc,val_acc,loss,auprc,auroc,acc,lr
0,0.34927370404140107,0.08784044818777463,0.7318363242076023,0.9783303308134572,0.12262332552292905,0.05327936994821699,0.6601331289470905,0.9693509539021318,0.0020000000949949026
1,0.3492744123450488,0.05459432113139673,0.5964942129043517,0.9783303308134572,0.31182439321657657,0.06675406462583319,0.6414462289542229,0.9806140898581421,0.0020000000949949026
2,0.3492830994809635,0.043412934498430276,0.5598327755475677,0.9783303308134572,0.31237090921251703,0.04817145533864442,0.5748809847763257,0.9806140917001801,0.0020000000949949026
3,0.3493052414101191,0.037785482967307,0.5433803374762065,0.9783303308134572,0.31246397904374174,0.040319719903354354,0.5508607018670818,0.9806140857474541,0.0020000000949949026
4,0.34928444168661527,0.03435970487793644,0.5339959146306499,0.9783303308134572,0.3123615847309929,0.03593377470414566,0.5382309271057009,0.9806140893389321,0.0020000000949949026
5,0.3492756533644652,0.032054519453775104,0.5279607875084767,0.9783303308134572,0.3123439354121871,0.033131882320640446,0.5308071431635895,0.9806140891967281,0.0020000000949949026
