,val_loss,val_auprc,val_auroc,val_acc,loss,auprc,auroc,acc,lr
0,0.3541023796436582,0.019088929045118802,0.48819510373546376,0.9780307540832605,0.30786430731551173,0.020062137092629283,0.46978275879149534,0.9702608799589658,0.0020000000949949026
1,0.3541023736915267,0.019207879206764977,0.49410126255447573,0.9780307540832605,0.31192755130639316,0.01920580180435015,0.49181353610260664,0.980647381327844,0.0020000000949949026
2,0.3541023736915267,0.01928640535986302,0.4960686492543747,0.9780307540832605,0.3119274615158059,0.019192155431070793,0.4952587270135601,0.980647381043436,0.0020000000949949026
3,0.3541023736915267,0.019337795264847815,0.4970526604600502,0.9780307540832605,0.31192743690293767,0.019305279062401346,0.49661495428102154,0.980647377501564,0.0020000000949949026
4,0.3541023736915267,0.019373832488871867,0.49764168074989545,0.9780307540832605,0.31192772590397866,0.01940262611823411,0.4973576276710986,0.980647378966596,0.0020000000949949026
5,0.3541023736915267,0.01940067514437912,0.4980343266330557,0.9780307540832605,0.31192838865650785,0.019412367803500155,0.4978451788711838,0.980647382650672,0.0020000000949949026
