,val_loss,val_auprc,val_auroc,val_acc,loss,auprc,auroc,acc,lr
0,0.05500358623432582,0.16886118785906915,0.7741527841408762,0.9859197091646767,0.1420988583769681,0.0500434780829687,0.553544127917453,0.9628261030457783,0.0020000000949949026
1,0.0551688145509089,0.3745683196337608,0.8736170467345663,0.9797283780415281,0.0443641647698314,0.295828942787682,0.8371391948329263,0.9873275867331759,0.0020000000949949026
2,0.04324010457744588,0.462673949104882,0.9063911287042227,0.9875174814863835,0.038885142642213065,0.42506310445302486,0.892597094350002,0.9880488700783996,0.0020000000949949026
3,0.043882825041521994,0.5161036772715586,0.9231120733555763,0.9858198502546112,0.035700331053032976,0.49004215394741424,0.9153019278053993,0.9888367325367471,0.0020000000949949026
4,0.03935688474839239,0.5550838656141679,0.9331224293963076,0.9873177517619894,0.033705243177394734,0.5355046432660142,0.9283158013445151,0.989214019613503,0.0020000000949949026
5,0.04027399015026057,0.5839790210577216,0.9400259328621792,0.9875174695821205,0.03243163798953063,0.5693307384248858,0.9366054069356028,0.9898687223805708,0.0020000000949949026
