,val_loss,val_auprc,val_auroc,val_acc,loss,auprc,auroc,acc,lr
0,0.05224998123140594,0.2512910549443521,0.7787634666413158,0.9861194269848079,0.13091165778987188,0.08934244318675631,0.5186652590746791,0.977218503663888,0.0020000000949949026
1,0.05274257434245182,0.40185315560289836,0.872912266927254,0.9870181809839241,0.047482511126309336,0.34232073666816143,0.8393731970459357,0.9867949475414451,0.0020000000949949026
2,0.04701895247567555,0.475057141852755,0.9024350548042898,0.9871180339418583,0.0427755597552301,0.441448258146491,0.8898466258911389,0.9874163593580211,0.0020000000949949026
3,0.041463705461495706,0.5265989105144803,0.917820704966599,0.9875174755342521,0.03978674070787485,0.5041265244429288,0.9112914242357598,0.9882708048979764,0.0020000000949949026
4,0.04970274015635011,0.559516561443229,0.9272909672859783,0.9852206908420862,0.038154807032278706,0.5450831067189462,0.9231265369304462,0.9883706737809682,0.0020000000949949026
5,0.03922067414171248,0.5836384774254353,0.9340345023015028,0.9880167760367115,0.037420272308103804,0.5724525651460095,0.9310511448468072,0.9884927344262413,0.0020000000949949026
