,val_loss,val_auprc,val_auroc,val_acc,loss,auprc,auroc,acc,lr
0,0.05632024143164223,0.12862667506246336,0.7042129850920884,0.9853205497521518,0.16245537142336375,0.03537913230074329,0.4784179111618742,0.9634697165689949,0.0020000000949949026
1,0.05060862905946836,0.34062521795634143,0.8431676669417919,0.9877171933543832,0.04572811742413896,0.2430732492979015,0.7919477839517902,0.9869170048796483,0.0020000000949949026
2,0.04512211344116863,0.43549311653282535,0.8862013586247922,0.9859197032125453,0.03964794718418368,0.3902165081895554,0.867283481537336,0.9881376409538047,0.0020000000949949026
3,0.040790225379727,0.4943401921002575,0.9083973825727844,0.988116634946777,0.03594849360990283,0.4665954467246698,0.8981295941484958,0.9889144117839036,0.0020000000949949026
4,0.04229382184243515,0.53310834840074,0.9212844311083913,0.9872178988040553,0.03416658037314631,0.5154529221683563,0.9154993568072909,0.9892806016566907,0.0020000000949949026
5,0.038400229108089254,0.5658357509220101,0.9304884845610029,0.9890153710894988,0.03182814500225394,0.5486968363384493,0.9260450499918428,0.9896578860877906,0.0020000000949949026
