,val_loss,val_auprc,val_auroc,val_acc,loss,auprc,auroc,acc,lr
0,0.0748114531384701,0.050965019641806796,0.7261548295262952,0.9777311654488008,0.12530279727039104,0.024128526447839325,0.49423211064913797,0.9704273308074293,0.0020000000949949026
1,0.04950540802111008,0.2100462106136307,0.845647423310696,0.9864190156192677,0.0538362743116803,0.12562015649448696,0.8022775734877216,0.9820233681015496,0.0020000000949949026
2,0.34927370404140107,0.16585772622481587,0.7183212830631324,0.9783303308134572,0.2998893554693072,0.19593068365545163,0.7802492078411762,0.9808582182820382,0.0020000000949949026
3,0.34927370404140107,0.1300839669027799,0.6528830664444046,0.9783303308134572,0.31208448665796357,0.14631892045266193,0.6820664210679169,0.9806140857474541,0.0020000000949949026
4,0.34927370404140107,0.10899222393086601,0.6253637278272836,0.9783303308134572,0.28746225647585727,0.11918450241495729,0.6364736810546662,0.9794711322275241,0.0020000000949949026
5,0.34927370404140107,0.09454561362241304,0.6014380888094177,0.9783303308134572,0.31246395576064634,0.10132587270096605,0.6125865800158974,0.9806140891967281,0.0020000000949949026
6,0.34927370404140107,0.08418407463041731,0.5851001412610891,0.9783303308134572,0.312464035774212,0.08905014475736632,0.5926754795352923,0.9806140933074161,0.0020000000949949026
7,0.34927370404140107,0.07638227662980401,0.5732545822424305,0.9783303308134572,0.3124641120197021,0.08009323642536352,0.578849837558478,0.9806140905195561,0.0020000000949949026
