,val_loss,val_auprc,val_auroc,val_acc,loss,auprc,auroc,acc,lr
0,0.05753547514162368,0.22283267214766325,0.7828575063066042,0.9855202735244144,0.11642398278259208,0.09670018595283852,0.5815367932790144,0.9724802214579172,0.0020000000949949026
1,0.3042088695329566,0.16192717321956612,0.6577064376261174,0.9811264279123455,0.27540477807071634,0.2110892968120411,0.7329999466157051,0.9806140902351481,0.0020000000949949026
2,0.3042098308021928,0.11494814309592682,0.5975582468216829,0.9811264279123455,0.31741752710260734,0.13468355425239154,0.6219226892568822,0.9803033821789182,0.0020000000949949026
3,0.30421087986536854,0.09148918723027959,0.5703911426921126,0.9811264279123455,0.31741398470468724,0.10207862275413827,0.5825723932672439,0.9803033802872742,0.0020000000949949026
4,0.30421176524492816,0.07739013444021454,0.554994906473474,0.9811264279123455,0.3174115030335839,0.08387207035158625,0.5620145336942206,0.9803033815175042,0.0020000000949949026
5,0.3042126580646522,0.06796712217179511,0.5451000076176427,0.9811264279123455,0.3173951293411192,0.0723552990831725,0.5496605078969294,0.9803033845401662,0.0020000000949949026
6,0.3042137309363539,0.06121803497006871,0.5382095304748744,0.9811264279123455,0.31740787990975533,0.06439862711844144,0.5414328506664701,0.9803033841631602,0.0020000000949949026
