,val_loss,val_auprc,val_auroc,val_acc,loss,auprc,auroc,acc,lr
0,0.12964854807887186,0.02133871079538786,0.5331167099550619,0.9780307540832605,0.12896772129801073,0.021303589168512667,0.5189079837446036,0.9652007956212847,0.0020000000949949026
1,0.151752447870358,0.02474324682897464,0.5773537682158423,0.9780307540832605,0.09624120913575669,0.023277075702412622,0.5600101856079374,0.9806473776437681,0.0020000000949949026
2,0.11208272765260185,0.02893019559329466,0.6152159537601452,0.9780307540832605,0.09062446628444629,0.027000803500558578,0.597289364085552,0.980647381327844,0.0020000000949949026
3,0.10314082710579445,0.033846641124181696,0.648034694620014,0.9780307540832605,0.08733052561363824,0.03166648516580083,0.6333942564033256,0.980647380950838,0.0020000000949949026
4,0.10910270433104369,0.04007615475569963,0.6768788392371895,0.9780307540832605,0.08266807542107549,0.037610473360108206,0.6649181652303497,0.980647382273666,0.0020000000949949026
5,0.10892972497156793,0.04783533401794721,0.7017805326692068,0.9780307540832605,0.07866033487523688,0.0445961394939247,0.6919644850289357,0.9806251859740848,0.0020000000949949026
6,0.13398308562874103,0.0557403485237695,0.7226780687284156,0.9757339753432261,0.07523042110130077,0.052373923090369714,0.7128988028925884,0.9807250580219424,0.0020000000949949026
