,val_loss,val_auprc,val_auroc,val_acc,loss,auprc,auroc,acc,lr
0,0.08310509295414278,0.06716354598131441,0.6998649282276405,0.9694427925835166,0.17502498491400217,0.03233960085404634,0.48871504990478337,0.9492215664568744,0.0020000000949949026
1,0.05020511425199779,0.23211579209903008,0.8456755939633731,0.9848212492496924,0.04739309413268886,0.14681331834748695,0.7924690937190838,0.9855521162557334,0.0020000000949949026
2,0.040529676756737125,0.3548515593729406,0.8896535593567672,0.9861194329369394,0.04049913461327967,0.2999122469976715,0.870890815762394,0.9876160986816346,0.0020000000949949026
3,0.03943072661227544,0.429405024517361,0.9121914275611068,0.986818463163793,0.03636978683394413,0.3948180459409412,0.9024919091736477,0.9883484804114508,0.0020000000949949026
4,0.03996091731890826,0.48135971448034354,0.925166355806457,0.9886159354492364,0.03446892095623242,0.4569637423710945,0.9191872329182889,0.9887701527622093,0.0020000000949949026
5,0.03909295323114271,0.5197270331159903,0.9335325565884779,0.9866187393915303,0.03386993943564426,0.502144589068901,0.9294928423511785,0.9891585362393157,0.0020000000949949026
