,val_loss,val_auprc,val_auroc,val_acc,loss,auprc,auroc,acc,lr
0,0.05903275040366516,0.1956753899219247,0.7463677125656131,0.9841222368792333,0.12824941211295598,0.06469182652200373,0.48234750919420777,0.973401244576516,0.0020000000949949026
1,0.05185550422187644,0.3669276438015103,0.8555589281015108,0.9833233536944457,0.04779738424005657,0.2937390735391276,0.8135346163134971,0.9865175247177832,0.0020000000949949026
2,0.045638581778424836,0.45343442941250045,0.8936091626930884,0.9855202735244144,0.04037934073053252,0.411766932902951,0.8768810760798021,0.9874940355329096,0.0020000000949949026
3,0.04498782342335904,0.5078609089592343,0.9127261595071755,0.9859197270210712,0.03745621457453387,0.4834346799462769,0.9040469185108337,0.9881376445452827,0.0020000000949949026
4,0.03944619520806745,0.5445511918451725,0.9246392486598741,0.988116634946777,0.03484709585587338,0.5259092732565681,0.9192217868123432,0.9885704103663278,0.0020000000949949026
5,0.038461571089649586,0.5744407068404557,0.9328356864496646,0.988116634946777,0.03326658091747522,0.5606009313100023,0.9291604090828536,0.989180732112285,0.0020000000949949026
