,val_loss,val_auprc,val_auroc,val_acc,loss,auprc,auroc,acc,lr
0,0.0554785402843469,0.31937387849319376,0.8632228105444858,0.9830237591078544,0.09001777538676502,0.16977426392582484,0.681914645531249,0.9805475087607763,0.0020000000949949026
1,0.34927370701746685,0.2376167077949858,0.7527811241668928,0.9783303308134572,0.2109612394493628,0.3125511869089221,0.8403297099746009,0.9800037739227069,0.0020000000949949026
2,0.34927370701746685,0.16622144722202853,0.6596788544128201,0.9783303308134572,0.3124644162383909,0.19764590467760157,0.7001970338901046,0.9806140903773521,0.0020000000949949026
3,0.34927370701746685,0.1304245092196452,0.6165204167794581,0.9783303308134572,0.31246415368878366,0.14663630548678538,0.635939993184436,0.9806140878739001,0.0020000000949949026
4,0.34927370701746685,0.10884945017505315,0.5916789290860714,0.9783303308134572,0.31246441244584305,0.11882501049292266,0.6031209768529555,0.9806140883931102,0.0020000000949949026
5,0.34927370701746685,0.0944001409499522,0.5755525660748155,0.9783303308134572,0.3124641812816526,0.10116974547989369,0.5830860993928214,0.9806140890545241,0.0020000000949949026
6,0.34927370404140107,0.08403359458448645,0.564240071214981,0.9783303308134572,0.31246601604043045,0.08892041340862036,0.5695472694286469,0.9806140861244601,0.0020000000949949026
