,val_loss,val_auprc,val_auroc,val_acc,loss,auprc,auroc,acc,lr
0,0.07382691055923159,0.03634977509813178,0.6207760892301019,0.9816257224626733,0.21491990730288632,0.027550972536640628,0.42774356733034696,0.9398226750913332,0.0020000000949949026
1,0.05023341232418586,0.10547820058903676,0.7866502391237306,0.9865188745293333,0.06408896848620725,0.06777039668177652,0.7229984415878221,0.982966589289012,0.0020000000949949026
2,0.04527661618187916,0.18487513427822944,0.8445786488539496,0.9877171993065147,0.05184446071415367,0.1445474842156316,0.8207969716429765,0.9854189557608357,0.0020000000949949026
3,0.04063242522987368,0.2554348648332516,0.8740698656851074,0.9883163646711711,0.04676162426855588,0.22056643906021495,0.8610725459832689,0.9868282337198351,0.0020000000949949026
4,0.03886778123839717,0.3160047216200652,0.891894243840617,0.9892150948617614,0.043228921599107656,0.28698024725204174,0.8839167753656963,0.987327582103278,0.0020000000949949026
5,0.037995213940881,0.36897396150286715,0.9039844120479711,0.989314953771827,0.04102358783322937,0.34507959670792293,0.8985420959367031,0.9881043509491348,0.0020000000949949026
