,val_loss,val_auprc,val_auroc,val_acc,loss,auprc,auroc,acc,lr
0,0.3541023736915267,0.03577839257204892,0.5440861982739279,0.9780307540832605,0.24732114427732613,0.0403243703907071,0.5819363530956281,0.9714482267956926,0.0020000000949949026
1,0.3541023736915267,0.027857559391775245,0.5193094313204205,0.9780307540832605,0.3119347692997675,0.030835346346137046,0.5274009430182407,0.9806473761787361,0.0020000000949949026
2,0.3541023736915267,0.02521792892199244,0.5123054500299464,0.9780307540832605,0.3119275883280493,0.026308431800650012,0.515447858760496,0.980647380808634,0.0020000000949949026
3,0.3541023736915267,0.023883124891931194,0.5090192086996136,0.9780307540832605,0.31193291928249955,0.024520063320349075,0.5103529348263566,0.9806473805242261,0.0020000000949949026
4,0.3541023736915267,0.023073947040015575,0.5071152260685863,0.9780307540832605,0.31192761551613285,0.02345845003803726,0.5079572616745021,0.9806473769327481,0.0020000000949949026
5,0.3541023736915267,0.022529046626514913,0.5058736786386174,0.9780307540832605,0.3119278067811856,0.02279238796409604,0.506436670798257,0.980647380950838,0.0020000000949949026
