,val_loss,val_auprc,val_auroc,val_acc,loss,auprc,auroc,acc,lr
0,0.0913792216537633,0.08103205100972662,0.7919941350255204,0.9793289377705076,0.11464667801496285,0.04050867237378113,0.6078191847331711,0.9620493381039175,0.0020000000949949026
1,0.33317815242928916,0.053449799160305456,0.6355559801017308,0.9793289377705076,0.31293189673529487,0.06470398907231116,0.6985288883282862,0.9800592534706141,0.0020000000949949026
2,0.33317815242928916,0.04310114367596994,0.5855699962119225,0.9793289377705076,0.31425252977956203,0.04753638775046834,0.6063643215913443,0.9805031217869398,0.0020000000949949026
3,0.33317815242928916,0.037761551113912675,0.5624191277822811,0.9793289377705076,0.3142525307855727,0.0401687921597013,0.5728577610855526,0.9805031226831556,0.0020000000949949026
4,0.33317815242928916,0.03447533510469119,0.5491013955231886,0.9793289377705076,0.3142525321156762,0.03599083845964541,0.5549105209030218,0.9805031239133857,0.0020000000949949026
5,0.33317815242928916,0.03223795463117697,0.5404582993341869,0.9793289377705076,0.314252530440976,0.03328475209780679,0.5445098345923672,0.9805031257554236,0.0020000000949949026
6,0.33317815242928916,0.030611054708060328,0.5343986322643135,0.9793289377705076,0.31425253244638324,0.0313831909354019,0.5372233209461617,0.9805031258976277,0.0020000000949949026
