,val_loss,val_auprc,val_auroc,val_acc,loss,auprc,auroc,acc,lr
0,0.05757172497001419,0.050342260800943374,0.6865457035906186,0.9832234888322486,0.24847351318310607,0.03882321774919383,0.5483723244782721,0.9231443566953073,0.0020000000949949026
1,0.05074257229806482,0.17724546009203335,0.8304501178618413,0.98562013243448,0.062397749672199465,0.11268670637958494,0.7778844675084426,0.9855965037487799,0.0020000000949949026
2,0.050571160373017884,0.2774641833394403,0.8748809433111965,0.9848212552018238,0.05381068555919068,0.23028767622207566,0.8557090359915575,0.9863399823981568,0.0020000000949949026
3,0.04537628938420987,0.34680557759883807,0.8986511991627325,0.9870181809839241,0.04809376511366921,0.3184845615850302,0.8881155407961708,0.9869724914187014,0.0020000000949949026
4,0.04402291578866503,0.39446086356305116,0.9120380639291843,0.9817255932770019,0.045706991946556884,0.37359485558081834,0.9061799592709194,0.9878269354936248,0.0020000000949949026
5,0.036272441557706106,0.42879820531872137,0.9210544808410422,0.9885160765391708,0.043263573604564634,0.40959990986097244,0.9166170940662466,0.9881709321887047,0.0020000000949949026
