,val_loss,val_auprc,val_auroc,val_acc,loss,auprc,auroc,acc,lr
0,0.33317815242928916,0.07874647728073542,0.6722342119213109,0.9793289377705076,0.1638621612434991,0.06197163449559393,0.5508055676546642,0.9752543908749904,0.0020000000949949026
1,0.33317815242928916,0.04974217026970428,0.5712421657511972,0.9793289377705076,0.314252529301029,0.0601815686296798,0.603193591841012,0.9805031229675637,0.0020000000949949026
2,0.33317815242928916,0.040070441607493755,0.5443981626039973,0.9793289377705076,0.3142525330057741,0.044185830863076495,0.5554132745896341,0.9805031225905577,0.0020000000949949026
3,0.33317815242928916,0.03518607353727237,0.5321645769312017,0.9793289377705076,0.3142525339484544,0.03737777912234234,0.537657474831777,0.9805031234867737,0.0020000000949949026
4,0.33317815242928916,0.032225402653520877,0.5251943366789927,0.9793289377705076,0.31425252981825474,0.03358860637728923,0.5283337408509716,0.9805031211255257,0.0020000000949949026
5,0.33317815242928916,0.030233098111045274,0.5206986368714347,0.9793289377705076,0.314252529631736,0.031155205328322014,0.5228720103409769,0.9805031216447357,0.0020000000949949026
