,val_loss,val_auprc,val_auroc,val_acc,loss,auprc,auroc,acc,lr
0,0.05123649711067957,0.10956414590606628,0.7099297779844934,0.9838226422926422,0.15897265437777575,0.026858014994868756,0.4628795786071771,0.9665323998261709,0.0020000000949949026
1,0.04286090270012531,0.32610097122759024,0.8482049057910798,0.9869183161217271,0.0467122059386297,0.23746817647806925,0.7988864371135195,0.9869946867724607,0.0020000000949949026
2,0.041645257005974684,0.4255582725475571,0.8910054074615591,0.9865188745293333,0.039210584708105393,0.3812247335587366,0.8734937904142119,0.9881931249894059,0.0020000000949949026
3,0.04154140032386652,0.483472185641295,0.9124860312378238,0.9860195740268739,0.035774928412216446,0.4560054255601102,0.9028591579199697,0.9889144081924256,0.0020000000949949026
4,0.05480028753165068,0.5210298567873431,0.9249381098010141,0.9780307540832605,0.033831784702018225,0.5041899769409919,0.9195551222513382,0.989147440735181,0.0020000000949949026
5,0.0365245434113233,0.5507642245349804,0.9332601376129335,0.9877171993065147,0.03268197830569049,0.5337333914900709,0.929203418308194,0.9891030545649625,0.0020000000949949026
