,val_loss,val_auprc,val_auroc,val_acc,loss,auprc,auroc,acc,lr
0,0.09599698382698182,0.20677983996538146,0.7609492345367669,0.9734371966031918,0.13944432726368516,0.05621680476327263,0.48712492867559665,0.9760644528903832,0.0020000000949949026
1,0.07430747403373184,0.36928321205381626,0.866686804972653,0.9753345337508323,0.047953687374060146,0.3042117662403988,0.8267596615060983,0.9861957268257365,0.0020000000949949026
2,0.05049332706743695,0.45178858023073615,0.8999475370463864,0.9859197210689398,0.04184813887736248,0.41752975053264024,0.886753538936115,0.987571712276614,0.0020000000949949026
3,0.04081407535077602,0.5043111659701008,0.9166205914786697,0.9870181631275297,0.03979027670415494,0.4793064098505941,0.9091696490227322,0.9883262897371956,0.0020000000949949026
4,0.047162804341856324,0.5425124771585002,0.9261902268832378,0.9845216784716272,0.0377842575177187,0.5256845643092897,0.9222886067669273,0.9889366007583249,0.0020000000949949026
5,0.05250094750147293,0.5671140355980037,0.9327014680629675,0.98442181360943,0.036418352129294236,0.5550478498504748,0.9299313360253368,0.9888145402552558,0.0020000000949949026
