,val_loss,val_auprc,val_auroc,val_acc,loss,auprc,auroc,acc,lr
0,0.3492739034378061,0.09067485203833692,0.6843998897020893,0.9783303308134572,0.15461632806766376,0.06640711207765554,0.565294077689214,0.977029862959669,0.0020000000949949026
1,0.3492737099935326,0.05580242258290676,0.5782248415417459,0.9783303308134572,0.3124559421971911,0.06860529125659127,0.6139814762161587,0.9806140886775181,0.0020000000949949026
2,0.3492737099935326,0.04417014642151168,0.5492401511721061,0.9783303308134572,0.3124640151225522,0.04915272741829412,0.5614867753733165,0.9806140891967281,0.0020000000949949026
3,0.3492737099935326,0.0382966678251055,0.5358641847227061,0.9783303308134572,0.31246400057144436,0.04093774912843589,0.5419455904913381,0.9806140878739001,0.0020000000949949026
4,0.3492737099935326,0.034737401903985096,0.5281860986964442,0.9783303308134572,0.31246401410912933,0.03637380977029514,0.5317075032268871,0.9806140921267921,0.0020000000949949026
5,0.3492737099935326,0.032342983687652524,0.5232097098683083,0.9783303308134572,0.31246400156356535,0.03346216275735586,0.5255170406714718,0.9806140911809701,0.0020000000949949026
