,val_loss,val_auprc,val_auroc,val_acc,loss,auprc,auroc,acc,lr
0,0.05544529423191667,0.27344463259392404,0.7677060980889191,0.9861194269848079,0.12446147311433671,0.12450359817604417,0.5433212910460753,0.9779065031919697,0.0020000000949949026
1,0.04819681602292096,0.4030932443142413,0.8656334629524532,0.9868184572116615,0.04951350256114931,0.3449550762544207,0.8285366997933162,0.9856297920536159,0.0020000000949949026
2,0.04102130223499748,0.47212993323100594,0.8993062324478214,0.9877171933543832,0.04153780364668258,0.44107965650794145,0.8852747848396175,0.986983588764874,0.0020000000949949026
3,0.04672775221164561,0.5169025998951695,0.9168580368009422,0.9865188804814647,0.037950781041132205,0.49437944831552044,0.9090117745466304,0.9876826767563385,0.0020000000949949026
4,0.04021751686197056,0.5502683568886471,0.9278800124795418,0.98801677008458,0.035870807628229084,0.5354445134400091,0.9228321874829696,0.9881265458762821,0.0020000000949949026
5,0.049374454755416304,0.5751346467449348,0.9350889912260157,0.9847213962917584,0.03461974270037685,0.56419467457612,0.9318010416922152,0.9885149317146364,0.0020000000949949026
