,val_loss,val_auprc,val_auroc,val_acc,loss,auprc,auroc,acc,lr
0,0.05988987367202154,0.10831074402203501,0.6630342683083572,0.9831236358743145,0.19059283439735658,0.05150262767104404,0.4521664612131885,0.935750190438104,0.0020000000949949026
1,0.057777625802957935,0.24803248778750422,0.8171525417817955,0.9803275387754263,0.05177742569985676,0.19250571404552738,0.7620294194726447,0.9865508177947211,0.0020000000949949026
2,0.10894932843549822,0.33086642186656456,0.8702442151404485,0.9588575993132777,0.04121692617661187,0.28878641617424194,0.8462486096617001,0.9868393296009758,0.0020000000949949026
3,0.0374998465904511,0.39832618552242804,0.8973469644671836,0.9877171814501202,0.037695149973579534,0.36399792135770465,0.8845896897735104,0.9879268028189866,0.0020000000949949026
4,0.03484952046232444,0.4528457444895521,0.9139328693495984,0.9892150948617614,0.03394394692744384,0.4276380221894939,0.906545518585338,0.9889587986155361,0.0020000000949949026
5,0.042826012107174426,0.4946158812363657,0.9249495919507398,0.9863191626613336,0.0329067342240071,0.4748469492712424,0.9198165671172752,0.9891141494076832,0.0020000000949949026
6,0.0347056099550118,0.5272750374750389,0.9328923646218529,0.989414818634024,0.03160131101120483,0.5129584879371292,0.9293050924889309,0.9896245977829546,0.0020000000949949026
7,0.04933710796440466,0.5445611679032579,0.9369052039403174,0.9845216725194956,0.03865595285181724,0.5351038536903011,0.9349323880887149,0.9876160949975586,0.0020000000949949026
