,val_loss,val_auprc,val_auroc,val_acc,loss,auprc,auroc,acc,lr
0,0.12826411779261254,0.021243603870314303,0.5425582229198275,0.9780307540832605,0.16281408212275109,0.01989685708698721,0.5259110486021805,0.9485335721738056,0.0020000000949949026
1,0.11902798889850294,0.024565390310251525,0.5913788068073106,0.9780307540832605,0.09936086306859199,0.023311175468730808,0.5720480414378849,0.9805586070031649,0.0020000000949949026
2,0.11793440364259168,0.028125931546597965,0.6278699108981458,0.9780307540832605,0.09418154109776561,0.02629055606571745,0.6118393317280831,0.9806140901425501,0.0020000000949949026
3,0.10898376377743978,0.0320780093056048,0.6572035270130561,0.9780307540832605,0.0887581392652573,0.03033699301631011,0.6438278279855383,0.9806362872887413,0.0020000000949949026
4,0.10920097301348625,0.03712336948937181,0.6862781717316795,0.9780307540832605,0.08288697671192202,0.034815757533506776,0.6734886158308611,0.980647381470048,0.0020000000949949026
5,0.13259420537361727,0.04308272369796701,0.7090082443329492,0.9780307540832605,0.07827303030515097,0.04052091731432136,0.7002126949974563,0.980647379485806,0.0020000000949949026
