,val_loss,val_auprc,val_auroc,val_acc,loss,auprc,auroc,acc,lr
0,0.0574596556947409,0.1578750699097843,0.7663549267533822,0.9816257284148049,0.14763984685073553,0.04977666621518818,0.5569775635644756,0.9585649778379751,0.0020000000949949026
1,0.05662582568200805,0.35992831216735566,0.8700894116522049,0.9821250289172643,0.04536937105665856,0.27712034255572754,0.83261422382507,0.986861525993155,0.0020000000949949026
2,0.0470156207261635,0.44671959221803526,0.9026462795588222,0.9866187274872673,0.040220355181070214,0.4102033631457167,0.8892358931623691,0.987604999777832,0.0020000000949949026
3,0.04032760266468412,0.4983169165751833,0.9199196912105722,0.9866187393915303,0.03672351919373822,0.47428661215189843,0.9122636703506894,0.9881820293926733,0.0020000000949949026
4,0.04218278815613162,0.5374533457386534,0.9305485549243548,0.9856201264823485,0.034327849315025236,0.5198268863970599,0.9260286157080689,0.9891696321204564,0.0020000000949949026
5,0.04622042301386186,0.564181717815384,0.9371660154380554,0.9866187334393989,0.03339850195173041,0.5505692844889999,0.9344267196584476,0.9891918246863557,0.0020000000949949026
