,val_loss,val_auprc,val_auroc,val_acc,loss,auprc,auroc,acc,lr
0,0.058803024155480055,0.05464972852053508,0.6969923882611098,0.9822248878273299,0.1778343018898257,0.042138815617242406,0.49892973185514194,0.9446608307275169,0.0020000000949949026
1,0.04458429271402516,0.20691908308494011,0.8438501553381182,0.9872178928519239,0.04863063615647078,0.130228377182445,0.7897867567840794,0.9845867050058236,0.0020000000949949026
2,0.039799121062103704,0.32964209013173795,0.8880307848210198,0.9884162116769738,0.04158871151454897,0.2704778544820813,0.8701864764718893,0.9870945540482164,0.0020000000949949026
3,0.060735896231976005,0.40453644409040646,0.9100170189781486,0.9792290907647049,0.0383975778215675,0.36952069859042663,0.9002627311985533,0.9879046132757492,0.0020000000949949026
4,0.03652016203733325,0.4534950268847132,0.9225116937322866,0.9890153710894988,0.037622542065649946,0.4307533680399887,0.9169327877969959,0.9881376422766327,0.0020000000949949026
5,0.039639267334441106,0.4918565124136401,0.9306049445610168,0.988815659221499,0.03537255731750181,0.4742802442878186,0.9271087831971315,0.9884372531785001,0.0020000000949949026
