,val_loss,val_auprc,val_auroc,val_acc,loss,auprc,auroc,acc,lr
0,0.055670020612664836,0.0422535347252852,0.6882567479030943,0.9833233417901827,0.18422707716102665,0.03136281420526744,0.5151180712361098,0.9419532387675522,0.0020000000949949026
1,0.045547057517489116,0.16721625220449426,0.833144149762179,0.985520267572283,0.051011109256669775,0.09210721930151809,0.7779194074493406,0.9840984498578654,0.0020000000949949026
2,0.04224714620583115,0.29074631041815735,0.8805473446965051,0.9864190156192677,0.0420127243000923,0.23491746290026888,0.8609066764684297,0.9865175258984071,0.0020000000949949026
3,0.040880182180058906,0.37696387587085034,0.9044811977272574,0.9877171933543832,0.03755455238417155,0.33551733072113826,0.8940545031810271,0.987571713976448,0.0020000000949949026
4,0.03809491823126424,0.4382567298740881,0.9187908168202844,0.9883163527669082,0.03556715135825853,0.4103039390551329,0.9124096588925891,0.9883928630397976,0.0020000000949949026
5,0.03774096122978206,0.4826126190355159,0.9285753929426933,0.9889155181315646,0.033576627671010884,0.46230207191276934,0.9240746098474961,0.9887701531392152,0.0020000000949949026
