,val_loss,val_auprc,val_auroc,val_acc,loss,auprc,auroc,acc,lr
0,0.06241324575406237,0.03494846279187333,0.6719088665449098,0.9793289377705076,0.20070994957155955,0.03691101641559004,0.5104989590971787,0.9437287091647983,0.0020000000949949026
1,0.04725657327105098,0.1075480701545053,0.8251158252123327,0.9840223720170362,0.05189472728869579,0.05878483750632067,0.7661823036727117,0.9826114942093395,0.0020000000949949026
2,0.03911872945503829,0.2640241532059565,0.8773204224157742,0.9865188745293333,0.042745930012763826,0.19010992430259063,0.8557148162081551,0.986861521505461,0.0020000000949949026
3,0.03934001994586362,0.36340669138550113,0.9024316983378193,0.9870181809839241,0.03895532572306611,0.32038325889007885,0.8916543075898326,0.9880155775206717,0.0020000000949949026
4,0.03558173143054337,0.42592858878919077,0.9172633433499117,0.9885160884434339,0.03710229701833612,0.3959705057525351,0.9102366347948255,0.9884261538480854,0.0020000000949949026
5,0.03366527498334412,0.4747168750660087,0.9272098322102285,0.988815659221499,0.03476290702651991,0.4498282273408702,0.9223611488479806,0.9892029229287442,0.0020000000949949026
