,val_loss,val_auprc,val_auroc,val_acc,loss,auprc,auroc,acc,lr
0,0.052397791415658306,0.22802258736005868,0.7717394333698089,0.9838226482447736,0.13255572889707024,0.06185099319009974,0.5002972465968581,0.9771630234545667,0.0020000000949949026
1,0.05401676227488345,0.4042453677479988,0.872061774226894,0.9811264265909723,0.04655833300046206,0.33786070477560753,0.8363583723910382,0.9865730127218684,0.0020000000949949026
2,0.05060050054457964,0.48279835137036214,0.9042334546818094,0.9863191626613336,0.04016816804867242,0.4490589202928608,0.8909639680630445,0.9879046097338773,0.0020000000949949026
3,0.04004776981252443,0.5302506920842323,0.9201441441011782,0.9883163527669082,0.03796256586007869,0.5065330000667241,0.9124874915930832,0.9882042210127506,0.0020000000949949026
4,0.04240285990295092,0.5654467986995216,0.9298478504462421,0.9871180398939897,0.037478434617017276,0.5481937793855844,0.9251149333058959,0.9886591865330449,0.0020000000949949026
5,0.046767591090652656,0.5920563356138785,0.9362100109812121,0.9882164879047111,0.03559158779371931,0.5785479708433386,0.9332782866840591,0.9890031826593088,0.0020000000949949026
