,val_loss,val_auprc,val_auroc,val_acc,loss,auprc,auroc,acc,lr
0,0.052717378848949004,0.11790423483007655,0.7481518178517551,0.9824246175517239,0.1400345176283415,0.030564229745871193,0.47891436703244766,0.972180607391184,0.0020000000949949026
1,0.04538350098912214,0.306891803115767,0.8634020857690027,0.9853205497521518,0.047300816288376166,0.2234948234286423,0.8221510658529573,0.9844868349422078,0.0020000000949949026
2,0.040836234617572284,0.4062930532729814,0.8994154749646119,0.9863191567092021,0.04074957418343486,0.3626927187212422,0.8836205092383583,0.9867727521876859,0.0020000000949949026
3,0.03684807573301453,0.46969112041397965,0.9180456258971129,0.9874176166241865,0.03668463993198112,0.4403917233038093,0.9097927117200354,0.9879157099605079,0.0020000000949949026
4,0.040758298187840186,0.5184178706388738,0.9285669224405565,0.9871180339418583,0.034832258999848875,0.49548079723913235,0.9238410991090382,0.9890364737520047,0.0020000000949949026
5,0.05336768625537352,0.5507072220906684,0.9357593914503962,0.9806271214577545,0.03320112732218223,0.5356030230964404,0.9322692689076588,0.9893693710670639,0.0020000000949949026
