,val_loss,val_auprc,val_auroc,val_acc,loss,auprc,auroc,acc,lr
0,0.056019829035948106,0.07914935261017075,0.7642897958643117,0.9848212552018238,0.14884850801554336,0.02885845835915852,0.5169974367822567,0.9653339496905454,0.0020000000949949026
1,0.05540553045304522,0.26417267441582915,0.8666178554457201,0.9857199913445456,0.05005481196636968,0.18140331964050602,0.8296323481828584,0.9851526346288363,0.0020000000949949026
2,0.04813164016386278,0.3848953412956217,0.8988822974652998,0.9871180398939897,0.04415651588093585,0.32870093797055816,0.8850136241488796,0.9874718372986924,0.0020000000949949026
3,0.04270660726676057,0.4603735892530304,0.9158939304217526,0.9873177517619894,0.041142911865613356,0.42698505971640394,0.908784967545884,0.9881376432224548,0.0020000000949949026
4,0.05647463643893548,0.510795526371665,0.925270847034283,0.9864190156192677,0.03909027420861293,0.4888885816937049,0.9214483952145801,0.9887923455629105,0.0020000000949949026
5,0.04402678085335562,0.5478086416202794,0.9322380824005244,0.9877171993065147,0.03701723309800679,0.5310033304962997,0.9290848303330898,0.9895913081552907,0.0020000000949949026
