,val_loss,val_auprc,val_auroc,val_acc,loss,auprc,auroc,acc,lr
0,0.3122908135498507,0.13962771437447632,0.6955354440014639,0.9806271214577545,0.16922351327119386,0.1027664608298242,0.625282113532013,0.9709155874849074,0.0020000000949949026
1,0.3122839938951921,0.0802757280397158,0.5859494517133792,0.9806271214577545,0.3220596419514454,0.10246707701411666,0.624988139411182,0.9800148686232235,0.0020000000949949026
2,0.31227122062100715,0.06058618517985762,0.5546023108441601,0.9806271214577545,0.32206372438512676,0.0688794104452609,0.5673317108638769,0.9800148667811855,0.0020000000949949026
3,0.31228649379041934,0.05062101594322523,0.5394399747273296,0.9806271214577545,0.32209998311921934,0.05506661881667481,0.546102630547331,0.9800148700882555,0.0020000000949949026
4,0.31225390884655846,0.042847497586256875,0.5311058190665561,0.9806271214577545,0.3243256546809527,0.04594750341071339,0.5348571641371584,0.9796264807510211,0.0020000000949949026
5,0.31225390884655846,0.03916919936147164,0.5256804632454879,0.9806271214577545,0.32212225918913123,0.04089068739347802,0.5282543663878465,0.9800148664967775,0.0020000000949949026
