,val_loss,val_auprc,val_auroc,val_acc,loss,auprc,auroc,acc,lr
0,0.05350749264038773,0.07999919136621196,0.709991323083657,0.9846215373816928,0.1480961765040709,0.02138957978133264,0.4141553243212955,0.9762863827030561,0.0020000000949949026
1,0.04238567216236636,0.34952100032290606,0.8548101758514071,0.9851208259798891,0.04256907763184873,0.235628123616977,0.8036004166861992,0.9871167485983577,0.0020000000949949026
2,0.0366973180858787,0.4673361323694995,0.8970152964391036,0.9889155240836962,0.03612607883793516,0.4183054786630914,0.8794453837215508,0.9889809882513715,0.0020000000949949026
3,0.04287889350647606,0.529981619325588,0.9172186117365566,0.9867185983015959,0.033375366787470745,0.5002428780518294,0.9082096643227598,0.9894248544412512,0.0020000000949949026
4,0.03536342088704501,0.5723086242335795,0.929334245531388,0.9894148245861556,0.03161913291647646,0.5527088967502976,0.9240959972245362,0.9899574973666639,0.0020000000949949026
5,0.03478602403471671,0.6045154887258066,0.937294122259465,0.9902136958666802,0.03069414206426244,0.5883647956246999,0.9336763409517806,0.9902127224753187,0.0020000000949949026
