,val_loss,val_auprc,val_auroc,val_acc,loss,auprc,auroc,acc,lr
0,0.06419220142585802,0.04045489495231383,0.6422201776209291,0.9811264219602139,0.20488150130999075,0.023773295167813187,0.43095610876439583,0.9434069011630388,0.0020000000949949026
1,0.04960514726803608,0.10605356369531391,0.7923337150315265,0.9840223839212993,0.0652511390118196,0.07218672184824992,0.7351841281325673,0.9832661979222294,0.0020000000949949026
2,0.04982969561353287,0.1796540947065921,0.8473778208358715,0.9819253051450015,0.05216426950576457,0.1433459761635365,0.8245192098571519,0.985130441117115,0.0020000000949949026
3,0.03966934703201552,0.24371556697823651,0.8750333944813611,0.9872179047561868,0.04790326904520828,0.21022955623919481,0.8627346494832883,0.9860403680966215,0.0020000000949949026
4,0.04456321416859462,0.3040730233901462,0.8933527950567235,0.9852206848899547,0.04267876722349411,0.27521027206940685,0.8849594999103374,0.987261006816434,0.0020000000949949026
5,0.04169357064572917,0.35248540618330604,0.9055804546445531,0.9852206848899547,0.041245884666035626,0.32839363748085637,0.8998477046608532,0.9875273264834015,0.0020000000949949026
