,val_loss,val_auprc,val_auroc,val_acc,loss,auprc,auroc,acc,lr
0,0.06847801958061032,0.25013275909666677,0.7635750144880785,0.9808268511821487,0.13462412131163942,0.08998781431133608,0.5029020745101797,0.972813117757706,0.0020000000949949026
1,0.08104098773695248,0.38311386366720945,0.8670767885447739,0.9791292199503764,0.04253957719042336,0.33331520477775933,0.8289475444656466,0.9871278451409125,0.0020000000949949026
2,0.34292608912300215,0.2592767681491239,0.7337680759605162,0.978729772405851,0.3079057418484027,0.3096038066775474,0.7950693658492017,0.9798928037250585,0.0020000000949949026
3,0.3429616114437551,0.20022004642468955,0.6671546452507803,0.978729772405851,0.31296973782580617,0.22702078594503278,0.6970552114063199,0.9805697017036815,0.0020000000949949026
4,0.3428679457265084,0.1646959977442094,0.6299854035455594,0.978729772405851,0.3099420010727393,0.1810552509675425,0.6469894071162744,0.9804254479732992,0.0020000000949949026
5,0.34286033146229544,0.1409862870218417,0.6060279029582774,0.978729772405851,0.31310965850778477,0.15202138978270588,0.6170761283326565,0.9805697011844716,0.0020000000949949026
6,0.34285590456449716,0.12400979012852066,0.5894675345770346,0.978729772405851,0.3131067296151615,0.13208658975981266,0.5973355762861987,0.9805697042071335,0.0020000000949949026
7,0.3428535341281299,0.11125604129638743,0.5774232658150431,0.978729772405851,0.3131049791926205,0.11742782018310582,0.5832898983286879,0.9805697003808536,0.0018000000854954123
