,val_loss,val_auprc,val_auroc,val_acc,loss,auprc,auroc,acc,lr
0,0.06011858204257287,0.15084431348552668,0.8573236627352078,0.9804274036376234,0.11001756912489244,0.08715161210215398,0.7093373423075511,0.9714482304797686,0.0020000000949949026
1,0.11615774422037657,0.18002503287156518,0.8797483761581518,0.9804274036376234,0.08431785446784468,0.17021744819415763,0.8745423729828701,0.9787387503555037,0.0020000000949949026
2,0.06925660547219471,0.18611129443993557,0.8876125721820034,0.9804274036376234,0.08406565452744065,0.18330919573874055,0.8829514448499627,0.9795820975108666,0.0020000000949949026
3,0.09171174682367642,0.18832816474031064,0.8953398602533084,0.9804274036376234,0.07600412697037486,0.1866805839512713,0.8921633603141154,0.9798484196812859,0.0020000000949949026
4,0.057080873537878225,0.19049844868958818,0.8990538673103748,0.9804274036376234,0.07343771753153447,0.18896900932805014,0.8964732380417434,0.9798706092245232,0.0020000000949949026
5,0.055902111668337605,0.1950683985430013,0.9040904311879514,0.9804274036376234,0.06756287476737749,0.19252599005293472,0.9015785859311782,0.979970481272381,0.0020000000949949026
6,0.07594520002388126,0.20025636323893026,0.9075109400933961,0.9804274036376234,0.0681019805789527,0.19711290300107384,0.9060129657074719,0.9798595162238405,0.0020000000949949026
