,val_loss,val_auprc,val_auroc,val_acc,loss,auprc,auroc,acc,lr
0,0.049069378182515375,0.2882285762540304,0.7784020275752511,0.9865188745293333,0.13346207876078822,0.11194574803599085,0.5431850415679274,0.9730350569955283,0.0020000000949949026
1,0.05449116615113894,0.42960301997515404,0.8775991449366555,0.9872178809476608,0.041713751912453,0.37503734093718705,0.8422927665640604,0.9872388093362288,0.0020000000949949026
2,0.04801963349414464,0.4966731269975753,0.9089963016025269,0.9876173284921861,0.036957254659164614,0.4686996553541758,0.8959630148719836,0.9878602235636588,0.0020000000949949026
3,0.30421188875165667,0.45535201496746525,0.8643768583083071,0.9811264279123455,0.15454312283574462,0.49630946879498444,0.9043755990107465,0.98324400483712,0.0020000000949949026
4,0.30421188279952516,0.3696049089224152,0.7802090174975166,0.9811264279123455,0.3173914450084149,0.4089574299629772,0.8182959798829079,0.9803033836439502,0.0020000000949949026
5,0.3042121104685548,0.31233038548368974,0.7272816808108967,0.9811264279123455,0.3173908094952001,0.3389589145811192,0.7516291805106668,0.9803033863822042,0.0020000000949949026
6,0.30421253753398947,0.27133034409247214,0.6910208517357049,0.9811264279123455,0.31739048413937365,0.2903957764691278,0.7076984661086622,0.9803033832173381,0.0020000000949949026
7,0.30421284853285996,0.24051188344974014,0.6646642363164295,0.9811264279123455,0.31738986489052307,0.25501568509643385,0.6769603528318413,0.9803033845401662,0.0020000000949949026
8,0.30421322500517695,0.21649005410615046,0.6446592455998804,0.9811264279123455,0.3173893861764373,0.22788674346233295,0.6540810148049558,0.9803033848245741,0.0020000000949949026
