,val_loss,val_auprc,val_auroc,val_acc,loss,auprc,auroc,acc,lr
0,0.3042061479208312,0.06287026483307395,0.7003821479790887,0.9811264279123455,0.17539885838138627,0.04865566996759407,0.6527912653696164,0.9589200690963283,0.0020000000949949026
1,0.304206138992634,0.04280771139435528,0.5912105512042852,0.9811264279123455,0.3175914673690706,0.050289342615084186,0.628886192451351,0.9802922861555735,0.0020000000949949026
2,0.304206138992634,0.03580722773854238,0.5589295645566764,0.9811264279123455,0.3174719841731037,0.03881508052906001,0.5724739940214862,0.9803033817523061,0.0020000000949949026
3,0.304206138992634,0.032167780285785604,0.5435084494283534,0.9811264279123455,0.31747196409125206,0.0338132158921353,0.5502436424819774,0.9803033839713501,0.0020000000949949026
4,0.304206138992634,0.029917599349493798,0.53447998310483,0.9811264279123455,0.31747196817614487,0.030967297713132478,0.5385084823682551,0.9803033853437841,0.0020000000949949026
5,0.304206138992634,0.0283807446368802,0.5285530903393193,0.9811264279123455,0.317471966441752,0.029129082728496236,0.5311424985099892,0.9803033782104342,0.0020000000949949026
