,val_loss,val_auprc,val_auroc,val_acc,loss,auprc,auroc,acc,lr
0,0.35360735128357823,0.21380689181275822,0.7696105168088124,0.9780307540832605,0.12064879958293372,0.1327739307310448,0.6904393100603068,0.9715259096004296,0.0020000000949949026
1,0.3541162763826625,0.11668957429706443,0.617042818111361,0.9780307540832605,0.31179961866539396,0.15294396175545108,0.6711441720745178,0.980647379485806,0.0020000000949949026
2,0.3541133345416719,0.08481275421941688,0.5744072541829615,0.9780307540832605,0.3117687923765871,0.09826138679996868,0.5919321469744082,0.980647377217156,0.0020000000949949026
3,0.35411034359559646,0.06886491579449484,0.5544952411529712,0.9780307540832605,0.3116830361649796,0.07602800457655384,0.5633995914387266,0.9806473781629781,0.0020000000949949026
4,0.3541023736915267,0.03830125634113019,0.5431690627118654,0.9780307540832605,0.4499479260866967,0.052264396637849785,0.548154142972774,0.9702497860025399,0.0020000000949949026
5,0.3541023736915267,0.03539880709166486,0.5356234761205337,0.9780307540832605,0.3119273856258258,0.03675386812463706,0.539230933607882,0.9806473763209401,0.0020000000949949026
