,val_loss,val_auprc,val_auroc,val_acc,loss,auprc,auroc,acc,lr
0,0.047407362366064305,0.19216147544011639,0.7757684328562251,0.9859197151168083,0.13706437947199676,0.0547447206562511,0.5470393144022283,0.969262184041997,0.0020000000949949026
1,0.042489870701845275,0.3632121308075589,0.8693026254485176,0.9880167760367115,0.05073419971225812,0.29555621736257365,0.8373487137695992,0.986151338009862,0.0020000000949949026
2,0.2079242501419802,0.3940252925860613,0.8805182280239526,0.9780307540832605,0.059712649393187094,0.3915689928380024,0.8834897468579689,0.9851193472698223,0.0020000000949949026
3,0.3541023736915267,0.22260648487736562,0.791238924927023,0.9780307540832605,0.3716773164526688,0.28352828179735523,0.8391292294276552,0.973445635446081,0.0020000000949949026
4,0.3541023736915267,0.18336638388625157,0.7252735593777492,0.9780307540832605,0.3118453097888847,0.20148064215555342,0.7553258276174089,0.980647381470048,0.0020000000949949026
5,0.3541023736915267,0.15696754020108467,0.6834268622682174,0.9780307540832605,0.3121122811139883,0.1691414818956588,0.7024743392528957,0.980647379485806,0.0020000000949949026
6,0.3541023736915267,0.13807131822639676,0.6546464318259643,0.9780307540832605,0.3118748010638149,0.14690982355009188,0.6679420238975567,0.9806473816122521,0.0020000000949949026
7,0.3541023736915267,0.12379841374343852,0.63360285099476,0.9780307540832605,0.3120382383153414,0.13061776823513976,0.6436238868694742,0.980647378682188,0.0020000000949949026
8,0.3541023736915267,0.11265277912100323,0.6176009952772014,0.9780307540832605,0.3119338831878983,0.11803880452095132,0.6253436812482273,0.980647379343602,0.0018000000854954123
