,val_loss,val_auprc,val_auroc,val_acc,loss,auprc,auroc,acc,lr
0,0.304206138992634,0.01976553177219595,0.4973461757776193,0.9811264279123455,0.4069237101159652,0.02224208772538719,0.5001582735041872,0.9552248757388494,0.0020000000949949026
1,0.304206138992634,0.019414496247044503,0.4971880040019721,0.9811264279123455,0.46368082408648825,0.019691193590289213,0.49767009278418256,0.9717034502971114,0.0020000000949949026
2,0.304206138992634,0.019362634125987592,0.4974241883175707,0.9811264279123455,0.5734490042694907,0.019486015840078575,0.4974410748067573,0.964634863491513,0.0020000000949949026
3,0.304206138992634,0.019408829508723913,0.49821127478843535,0.9811264279123455,0.5699502542460001,0.019478414408849447,0.4981551862558549,0.9647014452502928,0.0020000000949949026
4,0.304206138992634,0.019507001204903857,0.4990934768145923,0.9811264279123455,0.5621018988889552,0.019396939482807973,0.4985565726181381,0.9651675045252818,0.0020000000949949026
5,0.304206138992634,0.01958149975262075,0.49957944802450327,0.9811264279123455,0.5739663382633848,0.01951889398372277,0.49920953442518423,0.9644906093841247,0.0020000000949949026
