,val_loss,val_auprc,val_auroc,val_acc,loss,auprc,auroc,acc,lr
0,0.06918537169306152,0.04030890078087612,0.6695770826767323,0.9789294961781138,0.17515333177584885,0.029877449272151625,0.4784326417100058,0.9542927522745656,0.0020000000949949026
1,0.054788425343979055,0.10175926865801879,0.806814707037406,0.9841222309271018,0.06271442194023057,0.06754608335530923,0.7525544080157818,0.9814796334056841,0.0020000000949949026
2,0.04690876996767022,0.18289796593174001,0.8583776884767522,0.9856201264823485,0.05010021437884947,0.14303454494138865,0.8367192103392445,0.9836545848486097,0.0020000000949949026
3,0.04248008157593662,0.25682416308871375,0.8846190340604186,0.9873177636662523,0.04626866445000398,0.21820529578101605,0.8727945588952497,0.9853301808673405,0.0020000000949949026
4,0.04199091980247925,0.3198732000959593,0.9004429134037862,0.988615929497105,0.04314312589141166,0.29227046097117426,0.8935667346644455,0.9862068188805972,0.0020000000949949026
5,0.03921304229415904,0.371173573374772,0.9114971873358811,0.9886159414013679,0.039911287311061375,0.3472705992702209,0.9065137639943862,0.9870834584514838,0.0020000000949949026
