,val_loss,val_auprc,val_auroc,val_acc,loss,auprc,auroc,acc,lr
0,0.05788331682743482,0.04262655226367544,0.7070006963281497,0.9819253051450015,0.19871369728336674,0.033642065530743094,0.5447747355044937,0.9485557665222156,0.0020000000949949026
1,0.05175819773760948,0.12002198601378541,0.8334271212597438,0.9852206848899547,0.06257501552321583,0.07752293350536382,0.7867122796416866,0.9826447844058194,0.0020000000949949026
2,0.05000496088525492,0.24165011467108927,0.8772801493536528,0.9863191507570706,0.05014769670349283,0.18134347145284663,0.8588077948209215,0.9859183061285205,0.0020000000949949026
3,0.04907549996647351,0.3247887568605239,0.8991290261842115,0.9865188685772017,0.0454140800914464,0.28893562953266066,0.8899667834466239,0.986894810329507,0.0020000000949949026
4,0.04632354660165394,0.3910121097639932,0.9124452164245981,0.9863191507570706,0.04162074100854383,0.3581424558107924,0.9062535649321295,0.9877381629183857,0.0020000000949949026
5,0.04150475227527524,0.43894104349153684,0.9219376274228501,0.9876173284921861,0.039265888978782956,0.41648543854448006,0.9176887300774142,0.9884150612740148,0.0020000000949949026
