,val_loss,val_auprc,val_auroc,val_acc,loss,auprc,auroc,acc,lr
0,0.05498741998018026,0.1090214044935979,0.770819215472644,0.9854204146143488,0.16117044503506334,0.04876718599796666,0.602328861532399,0.9471353911343668,0.0020000000949949026
1,0.0484765425279055,0.3030667152320503,0.8703533695537886,0.985520267572283,0.0491340976284387,0.21073620042491945,0.8321726181160609,0.9867172655064287,0.0020000000949949026
2,0.039554462140280584,0.401376934680773,0.9024754027918425,0.9880167760367115,0.04291145156754011,0.35788035965380394,0.889151443999724,0.9873497792990752,0.0020000000949949026
3,0.03846425271870366,0.4676452495331819,0.9192925646011287,0.9894148126818926,0.03836640469827955,0.4359692946586178,0.9116349483221011,0.9883040900379464,0.0020000000949949026
4,0.03946653297027773,0.5129545769435288,0.9296850163779002,0.9873177577141209,0.036832800297910306,0.4928251404872433,0.9251249184884084,0.9890808609606432,0.0020000000949949026
5,0.03695088830897973,0.5462709486734517,0.9364827625023431,0.9880167760367115,0.036100513700508714,0.5322513032142349,0.9333400655375095,0.9889587968660961,0.0020000000949949026
