,val_loss,val_auprc,val_auroc,val_acc,loss,auprc,auroc,acc,lr
0,0.11010228246986116,0.31193891302754073,0.8615363884381675,0.9629518622430184,0.09124340953649857,0.17478727934827912,0.7072820439444457,0.973756335614949,0.0020000000949949026
1,0.34931462494541854,0.1858175454565644,0.6745297020963026,0.9783303308134572,0.30002518689247343,0.24823507267077244,0.7575881242558943,0.9799593859104503,0.0020000000949949026
2,0.34929904226516867,0.13099857904679146,0.6092832788560165,0.9783303308134572,0.31239951035351954,0.15491127036547037,0.6374502856119977,0.9806140891967281,0.0020000000949949026
3,0.34929090570141713,0.10360221897345093,0.5792838928464741,0.9783303308134572,0.3123873763758419,0.11606065127368387,0.5929010581626015,0.9806140919349821,0.0020000000949949026
4,0.34927592418644815,0.08713879311408543,0.5621945573013654,0.9783303308134572,0.3123753287484066,0.09462716800974566,0.569833888684084,0.9806140926460021,0.0020000000949949026
5,0.3492748319703191,0.07613534077820436,0.5511651331849362,0.9783303308134572,0.3123591312964797,0.0812440179124274,0.5562293354685551,0.980614090896562,0.0020000000949949026
6,0.3492757009815171,0.06825234385481466,0.5434494761261656,0.9783303308134572,0.3123779152706592,0.07197608375743243,0.5470840043949485,0.9806140920771861,0.0020000000949949026
