,val_loss,val_auprc,val_auroc,val_acc,loss,auprc,auroc,acc,lr
0,0.12992680269353565,0.05381147736069302,0.7011081086248844,0.9833233477423142,0.13658301277987914,0.02166367477068316,0.44745337912836786,0.9743999425471752,0.0020000000949949026
1,0.052341822389344365,0.22421602300952861,0.8251870536794675,0.9804274036376234,0.05526326691633281,0.15246879646794828,0.777777920452713,0.9833438751851438,0.0020000000949949026
2,0.33317815242928916,0.15831979878569688,0.7042709277827082,0.9793289377705076,0.3048089346615745,0.1876059818128198,0.7635475841097357,0.9800037727420828,0.0020000000949949026
3,0.33317815242928916,0.12429561586509286,0.6425896136256447,0.9793289377705076,0.3140994040459285,0.13908329263245342,0.6683238778765468,0.9805031198026978,0.0020000000949949026
4,0.33317815242928916,0.103840165183957,0.6090413481145889,0.9793289377705076,0.3141481133833565,0.11295571508532812,0.6234316122485989,0.9805031211255257,0.0020000000949949026
5,0.33317815242928916,0.09016307890534234,0.5880951816530459,0.9793289377705076,0.3141741575302727,0.09652837392504156,0.5977078344775975,0.9805031249518057,0.0020000000949949026
6,0.33317815242928916,0.08036279450080484,0.5738216689158181,0.9793289377705076,0.3137776213219523,0.08495499889112108,0.5804032762424698,0.9805031227327617,0.0020000000949949026
7,0.33317815242928916,0.07299043507943355,0.563499458707067,0.9793289377705076,0.313998040511365,0.07652432800608548,0.5684522822877439,0.9805031214099338,0.0020000000949949026
