,val_loss,val_auprc,val_auroc,val_acc,loss,auprc,auroc,acc,lr
0,0.16077828193359622,0.024324513142599254,0.5823310446020179,0.9783303308134572,0.1205760975010403,0.023042450505952702,0.5556936857961394,0.9732680827819398,0.0020000000949949026
1,0.1365076710123309,0.02982025035506883,0.6317749942684688,0.9783303308134572,0.0917337866519263,0.02792903201689422,0.6153269980933638,0.9806140898581421,0.0020000000949949026
2,0.11877583903365621,0.0364317536266271,0.6707727418513457,0.9783303308134572,0.08625691055767702,0.03390028725916038,0.6558988023631293,0.9805918979536568,0.0020000000949949026
3,0.12247445049359189,0.04520798133269908,0.7024304560970255,0.9783303308134572,0.08065718833075126,0.041145758745247465,0.6900408601453174,0.9806140857474541,0.0020000000949949026
4,0.15931905795794854,0.05718839313631789,0.728120865806601,0.9783303308134572,0.07480452293061639,0.05255612195329663,0.7196850156404935,0.9806584774933926,0.0020000000949949026
5,0.15889939949755222,0.07451546319693607,0.7529021004895285,0.9783303308134572,0.06662283372581458,0.0667831226311929,0.74308897724709,0.9808471205588596,0.0020000000949949026
