,val_loss,val_auprc,val_auroc,val_acc,loss,auprc,auroc,acc,lr
0,0.05549672185332669,0.048886604936704534,0.7256418007658655,0.9811264279123455,0.12715825184086557,0.027705002477686078,0.49074656024378627,0.9703607550658633,0.0020000000949949026
1,4.92221294745538,0.08729426370681058,0.8274856359272487,0.018973437321859847,0.0520641265748967,0.11238699758447822,0.8046600765099184,0.982101047960514,0.0020000000949949026
2,0.304206138992634,0.051435389243689796,0.6942376554524182,0.9811264279123455,0.37384570245227317,0.05702576348080507,0.7453520217430698,0.9700167585725147,0.0020000000949949026
3,0.304206138992634,0.04456741193992805,0.6387693846394779,0.9811264279123455,0.3174722971644569,0.04765180255002577,0.6628623021460247,0.9803033845401662,0.0020000000949949026
4,0.304206138992634,0.0402776598030099,0.6077396697999952,0.9811264279123455,0.3174725021201179,0.04225467406821371,0.6216374270476833,0.9803033832173381,0.0020000000949949026
5,0.304206138992634,0.03732297743464364,0.587976673250787,0.9811264279123455,0.31747246390775125,0.03870213775690053,0.5968000861680033,0.9803033815175042,0.0020000000949949026
6,0.304206138992634,0.03515399651334437,0.5743085105594866,0.9811264279123455,0.31747252758455663,0.03618217111968253,0.5807077176842046,0.9803033838787522,0.0020000000949949026
