,val_loss,val_auprc,val_auroc,val_acc,loss,auprc,auroc,acc,lr
0,0.05802239275801371,0.221101626298469,0.7928162512723048,0.9806271095534915,0.11471636564913427,0.07344288527102401,0.5554840670897957,0.9728907969453352,0.0020000000949949026
1,0.3492896408734748,0.2248784834357205,0.728424424524671,0.9783303308134572,0.19120505224431228,0.27275459501071636,0.8029705431179915,0.9822674958640316,0.0020000000949949026
2,0.34927370404140107,0.0892646418453239,0.639182966996363,0.9783303308134572,0.3850236862769889,0.1729357606556215,0.6773644263564688,0.9700278508522561,0.0020000000949949026
3,0.34927370404140107,0.07256344742128086,0.5999763332514175,0.9783303308134572,0.3124639583814993,0.08016592773282301,0.6177449223343504,0.9806140920771861,0.0020000000949949026
4,0.34927370404140107,0.062450189504267235,0.5778902218397539,0.9783303308134572,0.31246395590847237,0.0670737368983303,0.5878070921927097,0.9806140900003462,0.0020000000949949026
5,0.34927370404140107,0.05565053289590635,0.5637557260619206,0.9783303308134572,0.3124639549127136,0.058818863124926554,0.5702609243125945,0.9806140857474541,0.0020000000949949026
6,0.34927370404140107,0.05075626056295372,0.5539458337624391,0.9783303308134572,0.31246395786427356,0.05307997517892181,0.5586268282139567,0.9806140899507401,0.0020000000949949026
