,val_loss,val_auprc,val_auroc,val_acc,loss,auprc,auroc,acc,lr
0,0.12313465672091843,0.02194549353015394,0.5460294569969558,0.9780307540832605,0.1254116785525019,0.02174591843414935,0.5337034297483914,0.9666766560368557,0.0020000000949949026
1,0.12119759553306836,0.025951549784688267,0.5932233029790855,0.9780307540832605,0.09523805870377132,0.024337917733471826,0.5754822999970161,0.9806473776437681,0.0020000000949949026
2,0.10293140152213708,0.030751144841227058,0.6318621701505671,0.9780307540832605,0.08997747000855694,0.028625922931336163,0.6146801618840425,0.980647381327844,0.0020000000949949026
3,0.10651036649376945,0.03607677309419525,0.6630719283728488,0.9780307540832605,0.08648583457657338,0.03394224162252455,0.6503783543980024,0.980647380950838,0.0020000000949949026
4,0.11545829744148342,0.04356903426047092,0.6904355231125673,0.9780307540832605,0.08116329671740194,0.04080780890754868,0.6804230865134284,0.9806584794776346,0.0020000000949949026
5,0.12546690589362736,0.05339005408168363,0.7163664143385944,0.9775314476286696,0.07514498568010963,0.04922341674700867,0.7053176419899806,0.9807805402155056,0.0020000000949949026
