,val_loss,val_auprc,val_auroc,val_acc,loss,auprc,auroc,acc,lr
0,0.0576992714604138,0.0059413913328535805,0.5234172474836231,0.9942851884098635,0.07207626164975543,0.005896310987753481,0.5113175439088448,0.9752759111568595,0.0020000000949949026
1,0.06159931880987898,0.007020594802900002,0.5641136976994346,0.9942851884098635,0.037985834843093626,0.006682215497305652,0.5519404892406474,0.9943859289473826,0.0020000000949949026
2,0.08573188223869832,0.009156598014748926,0.615551904903614,0.9942851884098635,0.03325260351179907,0.00839999144188059,0.5969644429245969,0.9944464018801098,0.0020000000949949026
3,0.09105822936203185,0.014272490302736078,0.667439406729575,0.9942851884098635,0.027146883309708835,0.01227797739521643,0.648499618192741,0.9944463988762976,0.0020000000949949026
4,0.06022955323042313,0.024632976941915744,0.7122866151467809,0.9942851884098635,0.020202249497417776,0.019848108247319748,0.693373003298793,0.9944766380100465,0.0020000000949949026
5,0.08622986316173431,0.04261257650035992,0.7492331377134613,0.9942851884098635,0.015305067554520543,0.033966121920932894,0.7329799939306105,0.9953333669352098,0.0020000000949949026
6,0.0853425263585344,0.07642172560290432,0.7791743315702253,0.9942851884098635,0.010171220430125529,0.05874233599991554,0.7655656861813145,0.9969762675687562,0.0020000000949949026
7,0.07729629530750665,0.13459864414482228,0.8006152194020364,0.9940130583866241,0.009036947652392113,0.10652534963758051,0.7907235385945912,0.9972383269365892,0.0020000000949949026
8,0.0857997306382982,0.21279407378032003,0.8179914946566472,0.9931966629100988,0.0063582693207726694,0.1765132845687162,0.8101349210256122,0.9982663978703926,0.0020000000949949026
