,val_loss,val_auprc,val_auroc,val_acc,loss,auprc,auroc,acc,lr
0,0.33317815242928916,0.03928416039901078,0.6078030972250308,0.9793289377705076,0.19803696621219263,0.03689367965061209,0.6276043267824274,0.9681968970469254,0.0020000000949949026
1,0.33317815242928916,0.031662723461334544,0.5417110922333245,0.9793289377705076,0.31111236947378634,0.03438229983770906,0.5633992265776346,0.9789939753219545,0.0020000000949949026
2,0.33317815242928916,0.02787910160536606,0.5259030745942268,0.9793289377705076,0.31425253490552046,0.0294977569877392,0.5324480565301426,0.9805031257554236,0.0020000000949949026
3,0.33317815242928916,0.025951358685554538,0.518730194680058,0.9793289377705076,0.3142525291356755,0.026815496403369065,0.5219046922768568,0.9805031262746337,0.0020000000949949026
4,0.33317815242928916,0.024775117930357436,0.5146533789000446,0.9793289377705076,0.3142525324270369,0.025320162953513147,0.5164908405091964,0.9805031265590417,0.0020000000949949026
5,0.33317815242928916,0.02397942596264161,0.5120288521104976,0.9793289377705076,0.314252531615978,0.024333715447957885,0.5133122293947037,0.9805031236289777,0.0020000000949949026
