,val_loss,val_auprc,val_auroc,val_acc,loss,auprc,auroc,acc,lr
0,0.0507151947423908,0.06948763348306514,0.7284402943952655,0.983722789334708,0.14704054039287198,0.030814524369464847,0.4658267965298729,0.9707380398045206,0.0020000000949949026
1,0.04318073416150703,0.2516970252690735,0.8560746413684782,0.9852206908420862,0.047813653657277654,0.16011621562133493,0.8107022617142023,0.9843314801815769,0.0020000000949949026
2,0.040275791650558,0.37645094999301354,0.896429471610572,0.9874176166241865,0.040284290063239914,0.32127688126726894,0.8796748349601962,0.9870945531023945,0.0020000000949949026
3,0.03802439642763939,0.44997829216693674,0.9161931361436891,0.9868184453073985,0.03747853453133114,0.415028833959138,0.9074032180817289,0.9876826827090645,0.0020000000949949026
4,0.03885682732150865,0.4994211703782932,0.9280286004901861,0.9876173403964491,0.03552285038493137,0.47515417135196886,0.9227525544618708,0.9882597051905558,0.0020000000949949026
5,0.04086860895267719,0.5364341600726459,0.9362898052441091,0.9868184512595299,0.033741108008202875,0.5188583514482635,0.9324326042769582,0.9890475692065333,0.0020000000949949026
