,val_loss,val_auprc,val_auroc,val_acc,loss,auprc,auroc,acc,lr
0,0.04598708813502233,0.1826795248665542,0.7822663118221671,0.9848212552018238,0.11724412986783789,0.053471791784181585,0.5326365304336895,0.9765748995658208,0.0020000000949949026
1,0.03910083503452888,0.3682916515871558,0.8778540131953845,0.9869183101695955,0.04470985219649305,0.28965569211500725,0.8427953786247401,0.9856297912499978,0.0020000000949949026
2,0.043465112643653984,0.4507877145588267,0.908650446847596,0.9848212432975609,0.0405002691966419,0.41639162229731275,0.8960882813624382,0.9871167494945737,0.0020000000949949026
3,0.3541023736915267,0.36758685690546694,0.8177451018637613,0.9780307540832605,0.26286515954776535,0.41677383465553774,0.8719350761817587,0.9810912479443357,0.0020000000949949026
4,0.3541023736915267,0.29923001081138306,0.7451703643546458,0.9780307540832605,0.31192738727936076,0.32979455705929417,0.7770385474003968,0.980647382273666,0.0020000000949949026
5,0.3541023736915267,0.2535629737679535,0.6993354050394587,0.9780307540832605,0.3119273852931346,0.2747136626181736,0.7203314097759146,0.980647380382022,0.0020000000949949026
6,0.3541023736915267,0.22086471360268314,0.667831034533678,0.9780307540832605,0.31192738394385,0.23631427741606836,0.6826200136823057,0.9806473828854739,0.0020000000949949026
7,0.3541023736915267,0.19628060752102208,0.6448732983192237,0.9780307540832605,0.3119273856258258,0.20789475997251322,0.6556378801266868,0.9806473776437681,0.0020000000949949026
8,0.3541023736915267,0.17711374128212443,0.6274123958468032,0.9780307540832605,0.3119273851297653,0.18630761940527932,0.6357591460800317,0.98064738293508,0.0018000000854954123
