,val_loss,val_auprc,val_auroc,val_acc,loss,auprc,auroc,acc,lr
0,0.34927370404140107,0.035726295681813534,0.5855237515786462,0.9783303308134572,0.3022191494411279,0.03840035845745886,0.5855484675309172,0.9528834751886327,0.0020000000949949026
1,0.34927370404140107,0.028294484312764205,0.5388911442888076,0.9783303308134572,0.3129010137467735,0.031086812263140383,0.5561731095328154,0.9806140882509061,0.0020000000949949026
2,0.34927370404140107,0.025682488536722222,0.5251384461999821,0.9783303308134572,0.3128095886998867,0.026838391745570473,0.5307909975526299,0.9806140908039641,0.0020000000949949026
3,0.34927370404140107,0.02430093915143876,0.518498825162667,0.9783303308134572,0.3130100145055505,0.024957207868929143,0.5212824505788529,0.9806140906617601,0.0020000000949949026
4,0.34927370404140107,0.02344529461082118,0.5146127885059847,0.9783303308134572,0.313001468062172,0.02380755834346511,0.5164765257391288,0.9806140898581421,0.0020000000949949026
5,0.34927370404140107,0.02286236543771581,0.5120674217082984,0.9783303308134572,0.31295522116903857,0.023132000532766553,0.5132825863950414,0.9806140885353142,0.0020000000949949026
