,val_loss,val_auprc,val_auroc,val_acc,loss,auprc,auroc,acc,lr
0,0.05625551523812248,0.03560764791039571,0.6739775217981759,0.9797283793629014,0.20529781647577744,0.0279538784904204,0.5092792064512041,0.9486778326473037,0.0020000000949949026
1,0.05373905035673632,0.10188312717682353,0.8189218440812006,0.9816257224626733,0.062433973166898596,0.06325241337410362,0.7649699987837577,0.9824561377488745,0.0020000000949949026
2,0.041662282687433314,0.20422815505749264,0.8678427835126968,0.986818463163793,0.05232846363109841,0.15265683041461592,0.8472132924957184,0.984819733345293,0.0020000000949949026
3,0.03915118435761382,0.2956619252576689,0.8927153385706902,0.9875174755342521,0.046688711707057844,0.2528335864686357,0.8818530968185171,0.986584107422385,0.0020000000949949026
4,0.037576837081521944,0.35920678654996985,0.9078668208924124,0.9873177577141209,0.04442862974826024,0.3309785116313056,0.9012909006258645,0.9874718406057623,0.0020000000949949026
5,0.039304712499987196,0.40788845270009055,0.9180324252479825,0.9878170522644488,0.041848126940410776,0.38455009019682934,0.9134858334154569,0.98763829006691,0.0020000000949949026
