,val_loss,val_auprc,val_auroc,val_acc,loss,auprc,auroc,acc,lr
0,0.07881135599241658,0.14472434812733007,0.6705555451566263,0.9778310362631293,0.18526368500315502,0.05080635605956465,0.4452432110677956,0.9420531086707751,0.0020000000949949026
1,0.08939461982994082,0.2925389998207222,0.8272600437867705,0.9699420692774501,0.04939938537635176,0.2272337134269611,0.7684296520698938,0.9865508165644911,0.0020000000949949026
2,0.04252176756017034,0.38064126510545837,0.8783418004660876,0.9849211141118894,0.039302485949315735,0.3448794651377017,0.8573177539076148,0.9876382928547699,0.0020000000949949026
3,0.03675164895038066,0.4429400476100846,0.902871509428769,0.9874176225763179,0.03600124923155445,0.41320207176114365,0.8916011163484826,0.9884261571551554,0.0020000000949949026
4,0.04699909556200552,0.487113645792436,0.9171541925078504,0.9841222309271018,0.03412544811796274,0.46754885352557257,0.9108314084340273,0.9892251181402996,0.0020000000949949026
5,0.034055359570053484,0.5235018788732548,0.9270510452579828,0.9886159414013679,0.032343672616329665,0.5043097855073364,0.9222900515245979,0.9895580152205569,0.0020000000949949026
6,0.03593041956746872,0.5508660487317267,0.9339668858615562,0.9888156532693676,0.033971792072428446,0.5368134237533443,0.9305709623717152,0.9887368623309274,0.0020000000949949026
