,val_loss,val_auprc,val_auroc,val_acc,loss,auprc,auroc,acc,lr
0,0.04284401356709654,0.30957083972790345,0.8405223349170673,0.9878170522644488,0.10021805754286603,0.18306450805657368,0.6701011456301055,0.9726466717458323,0.0020000000949949026
1,0.30421566091499064,0.3368758770051487,0.8349927904031128,0.9811264279123455,0.10250133847149771,0.35830870665295583,0.8699190120037883,0.9830997468538457,0.0020000000949949026
2,0.3042148038080556,0.2326801243104786,0.7096382164064701,0.9811264279123455,0.31739542634659224,0.2764985448955274,0.7609550000858848,0.9803033828403321,0.0020000000949949026
3,0.30421533652382426,0.18048979483942132,0.6521894327770908,0.9811264279123455,0.31737796245635674,0.204076687368749,0.6778962979369149,0.9803033829329302,0.0020000000949949026
4,0.30421469815772156,0.1490586351849539,0.6193383961398135,0.9811264279123455,0.3173910289634415,0.16341372671165233,0.6341864306690973,0.9803033808560901,0.0020000000949949026
5,0.3042141103847366,0.12802224928434675,0.5981071522332533,0.9811264279123455,0.31736549212816784,0.1378177897135615,0.6079244828362286,0.9803033852015801,0.0020000000949949026
6,0.3042138797396412,0.11293955019593167,0.5832661640294088,0.9811264279123455,0.31738122848095185,0.12002715606038661,0.5901934998644752,0.9803033841631602,0.0020000000949949026
