,val_loss,val_auprc,val_auroc,val_acc,loss,auprc,auroc,acc,lr
0,0.05252209762328931,0.24587011838449746,0.7680788808105138,0.9847213962917584,0.12437981250123606,0.06691824814448423,0.46751362225562176,0.9811356359565923,0.0020000000949949026
1,0.04765373139246176,0.4271105754177847,0.8733367473154885,0.983023765059986,0.043098573700245536,0.35623952188885444,0.8354417278284408,0.9870390713354432,0.0020000000949949026
2,0.049238954705324016,0.5072501116416067,0.906629861734431,0.9866187393915303,0.03743535551663696,0.47309866869461653,0.8929345876033697,0.9879489985497518,0.0020000000949949026
3,0.044777608029983325,0.5504569883877012,0.9223155423103037,0.984921108159758,0.03658536855271814,0.5294386181503616,0.9148777908733177,0.9884594447985774,0.0020000000949949026
4,0.043889983845657045,0.5804159557936028,0.9320215651059022,0.9879169111745144,0.03585543967902919,0.5651579925063018,0.9275670669725611,0.988747959534896,0.0020000000949949026
5,0.039383948645929284,0.606055429637944,0.9383779879051553,0.9883163468147766,0.034099416132465594,0.5925683800943754,0.9351399771794194,0.9888811187069657,0.0020000000949949026
