,val_loss,val_auprc,val_auroc,val_acc,loss,auprc,auroc,acc,lr
0,0.04612730209707666,0.05791293128071989,0.732447904766213,0.9802276798653607,0.12935627585431092,0.02775214656327458,0.4839145935347542,0.970038950619204,0.0020000000949949026
1,0.05236883269283139,0.2523789084764781,0.8490166213904309,0.9891152299995644,0.052403028480730016,0.15245069161199512,0.8057941289518303,0.9830664576527938,0.0020000000949949026
2,0.31547303434691615,0.1845108418674652,0.7650052522598733,0.9804274036376234,0.24351121819065485,0.23235875351582935,0.8262082406108222,0.9755540048921177,0.0020000000949949026
3,0.31547303434691615,0.14454257927518036,0.6867788979124828,0.9804274036376234,0.3217655483709797,0.16293878258528008,0.7223219759854471,0.9800370635503708,0.0020000000949949026
4,0.31547303434691615,0.1204267571194219,0.6437430610336752,0.9804274036376234,0.3214225377515649,0.13157763072035739,0.6634095089763136,0.9800370668574407,0.0020000000949949026
5,0.31547303434691615,0.10425936271324351,0.6166532921629179,0.9804274036376234,0.32164935810559836,0.1119628964522557,0.6295791621318885,0.9800370655346128,0.0020000000949949026
6,0.31547303434691615,0.09264985999173929,0.5980745673846265,0.9804274036376234,0.32152909731744417,0.09811585972140306,0.6067372579807773,0.9800370625119508,0.0020000000949949026
7,0.31547303434691615,0.08390133942800866,0.5845686987962031,0.9804274036376234,0.32164735582256165,0.08807121312329086,0.5909726881124497,0.9800370597240908,0.0020000000949949026
