,val_loss,val_auprc,val_auroc,val_acc,loss,auprc,auroc,acc,lr
0,0.3042071166302318,0.18930797790169168,0.772529915323366,0.9811264279123455,0.1269148269380651,0.12735021399551077,0.6611272598217213,0.9713039701120968,0.0020000000949949026
1,0.30420617470542294,0.10517191131278762,0.6196628559818995,0.9811264279123455,0.3174726755934649,0.13700264362012907,0.6749730148669365,0.9803033830751341,0.0020000000949949026
2,0.3042062386908365,0.0772923491724075,0.5763064461100095,0.9811264279123455,0.3174706040671627,0.089040873413677,0.5940605260886737,0.9803033821789182,0.0020000000949949026
3,0.3042063845180581,0.06328532902517552,0.5559540540366823,0.9811264279123455,0.3174609952545111,0.06960445213486466,0.5651254696611709,0.9803033802872742,0.0020000000949949026
4,0.30420637261379513,0.05483140390413189,0.5441601159259757,0.9811264279123455,0.3174729707162231,0.05872025820353732,0.549555532739175,0.9803033815175042,0.0020000000949949026
5,0.3042063607095321,0.04916270375653539,0.5364658476731629,0.9811264279123455,0.31747326467985326,0.051807029420870385,0.5400221794904855,0.9803033845401662,0.0020000000949949026
