,val_loss,val_auprc,val_auroc,val_acc,loss,auprc,auroc,acc,lr
0,0.3428354917295404,0.018591969240689697,0.4818397225889827,0.978729772405851,0.3055914739562672,0.018081891544025404,0.4609472855016281,0.9699390787003219,0.0020000000949949026
1,0.3428354917295404,0.018903588960574064,0.4909549699956747,0.978729772405851,0.31320388461633725,0.018623589545592366,0.48774942720247366,0.9805586063417508,0.0020000000949949026
2,0.3428354917295404,0.01905916517201252,0.4939790839429432,0.978729772405851,0.31317938805861323,0.01892681584002014,0.4927410154250609,0.9805697044915416,0.0020000000949949026
3,0.3428354917295404,0.019153469280286394,0.49548777037331604,0.978729772405851,0.31317938724755434,0.019101382644136904,0.4948169551576868,0.9805697015614776,0.0020000000949949026
4,0.3428354917295404,0.01921755203388338,0.4963919602398485,0.978729772405851,0.3131793887355992,0.019152166510872714,0.4959910784102693,0.9805697039723316,0.0020000000949949026
5,0.3428354917295404,0.019264202577231028,0.49699334570193493,0.978729772405851,0.31318224571711484,0.019264324870922615,0.4967050243087674,0.9805697018458855,0.0020000000949949026
