,val_loss,val_auprc,val_auroc,val_acc,loss,auprc,auroc,acc,lr
0,0.056615825263708563,0.13969049343085227,0.7062397297447209,0.984321948747233,0.16322078549977126,0.0406570513213263,0.4699289693029388,0.963281068589222,0.0020000000949949026
1,0.04436757090379283,0.3426054622721286,0.8460022602486996,0.9859196972604138,0.04630569595085532,0.25725386884823986,0.7959180238407852,0.9871167479369437,0.0020000000949949026
2,0.04047591345733847,0.43715728057795045,0.8892942514513837,0.9871180339418583,0.03918486465015976,0.39421838432038164,0.8706590067640922,0.9885038341336618,0.0020000000949949026
3,0.04238585598515884,0.49082550237415457,0.9107553119404197,0.9866187393915303,0.036283881631972666,0.4657243908348507,0.9012313181629302,0.9887701504935593,0.0020000000949949026
4,0.03632047414322884,0.5316958370645865,0.9238892279272192,0.9892150948617614,0.034131427736431436,0.5121971557431557,0.9178765923985602,0.9892029242515723,0.0020000000949949026
5,0.03757759812201959,0.5638468558497359,0.9324762439546839,0.9884162176291053,0.03237845642945223,0.5492215221658155,0.9285096770101872,0.9897355638699151,0.0020000000949949026
