,val_loss,val_auprc,val_auroc,val_acc,loss,auprc,auroc,acc,lr
0,0.05591046864016937,0.04233009277932035,0.6743519410464205,0.9790293550881792,0.14564431155502913,0.01873521493144683,0.414465044143005,0.9744332336398711,0.0020000000949949026
1,0.05965791303203714,0.23277514978026068,0.8233256803578857,0.9838226541969051,0.05205844223980642,0.13848152536522795,0.7705202443560519,0.9842427076989357,0.0020000000949949026
2,0.3428354917295404,0.22932126224993327,0.7613695332907335,0.978729772405851,0.20489085722918338,0.257559904036273,0.8166925016018551,0.9821454305888606,0.0020000000949949026
3,0.3428354917295404,0.17778743752610404,0.6835587261702597,0.978729772405851,0.3131070566668534,0.20075531739026864,0.7174064124835752,0.9805697028843056,0.0020000000949949026
4,0.3428354917295404,0.1468098830570831,0.6409355468775714,0.978729772405851,0.3130235378110991,0.16109869681884167,0.6603485937389286,0.9805697042071335,0.0020000000949949026
5,0.3428354917295404,0.12610237209328354,0.6141871674488899,0.978729772405851,0.3130959675652062,0.13566219975662416,0.6263280566262756,0.9805697048685476,0.0020000000949949026
6,0.3428354917295404,0.11126840150752705,0.5958898063426916,0.978729772405851,0.31317951084809403,0.11836577951329375,0.6046571608339342,0.9805697059565736,0.0020000000949949026
7,0.3428354917295404,0.1001109818403226,0.5826058939399894,0.978729772405851,0.3129056990804744,0.10546974373616194,0.5889948027376839,0.9805697030265096,0.0020000000949949026
