,val_loss,val_auprc,val_auroc,val_acc,loss,auprc,auroc,acc,lr
0,0.1969050363405868,0.0231874443680667,0.5714742113593002,0.9780307540832605,0.13499502843255146,0.02049769331517795,0.5406313794035713,0.9600741254968126,0.0020000000949949026
1,0.10765292575619691,0.030032327193309262,0.6329788855623527,0.9780307540832605,0.09262776363572857,0.027550882346662645,0.6102424980007565,0.9806251869199067,0.0020000000949949026
2,0.2868586364390537,0.0392756285065897,0.6793889115736207,0.9780307540832605,0.0842688417381647,0.0350950150011499,0.6632064268875465,0.980647380431628,0.0020000000949949026
3,0.215344139216567,0.05607637026521506,0.7185656526190138,0.9780307540832605,0.07216179335544085,0.049450832037223856,0.7039883790371804,0.9807139624252098,0.0020000000949949026
4,0.23466405906369772,0.08324691931811402,0.752282519694786,0.9780307540832605,0.06003948822295918,0.0711193926659605,0.738045602969747,0.9827002689606306,0.0020000000949949026
5,0.22989344319919314,0.12820100231646347,0.7832618976320267,0.9780307540832605,0.04547686179604632,0.10812862036116189,0.7701387622762602,0.9858517235661227,0.0020000000949949026
6,0.22129792136439216,0.206262094265738,0.8091965892106824,0.9768324352582105,0.032723806494238665,0.17124575492621846,0.797857657927987,0.9897799513629616,0.0020000000949949026
7,0.23302614133392072,0.29069849683278,0.829781948972515,0.9771320119884073,0.025736766145835123,0.25387125472388455,0.82025575992203,0.9918439347346849,0.0020000000949949026
