,val_loss,val_auprc,val_auroc,val_acc,loss,auprc,auroc,acc,lr
0,0.0537301470354997,0.13773984392531646,0.7131289567017903,0.9856201264823485,0.15818662839490608,0.03920635886341775,0.4720039694857441,0.966920783716661,0.0020000000949949026
1,0.04220877716640304,0.3526795357019334,0.8481171033876205,0.9872178988040553,0.046524982638540935,0.2617352357741918,0.7975045668725235,0.9869724900958734,0.0020000000949949026
2,0.03805926417947167,0.44499283075475493,0.8898368753881208,0.9885160765391708,0.03963310623361384,0.4046426858339458,0.8726559923456501,0.9880932549257901,0.0020000000949949026
3,0.0409129081271248,0.5043988918172448,0.9112221198641947,0.9869183161217271,0.0354171968727288,0.47789867947665304,0.9018510948510144,0.9890364734675967,0.0020000000949949026
4,0.03475618346076997,0.5446719079525237,0.924464497590984,0.9898142602264178,0.03349670333631974,0.5259795264959803,0.918812706924828,0.9892251146910256,0.0020000000949949026
5,0.03606579193909749,0.5754102901686731,0.932513084874935,0.989914113184352,0.032068234763999254,0.5618456628546503,0.9290311914527022,0.989735562547087,0.0020000000949949026
