,val_loss,val_auprc,val_auroc,val_acc,loss,auprc,auroc,acc,lr
0,0.0691109919886711,0.0396163770253784,0.6341818303601909,0.9820251700071987,0.20477858532828586,0.025176046273484045,0.4338516291440792,0.9446497323065466,0.0020000000949949026
1,0.052287946449042506,0.12122740563200886,0.7924770910820371,0.9845216665673642,0.06135916070262965,0.0769732027372198,0.7309661270979037,0.9840762569149601,0.0020000000949949026
2,0.04791112481991236,0.20433825657994822,0.8484990324044576,0.986219303751268,0.050714864701142434,0.16152158923336263,0.8242908783189792,0.9855965016223339,0.0020000000949949026
3,0.04645653294363296,0.2771731431086144,0.8768620422935448,0.9870181750317927,0.04610610962695275,0.24152945722091432,0.8639326096989867,0.9869170075253042,0.0020000000949949026
4,0.045194381892618624,0.3367337456227111,0.8934893197991401,0.9872178988040553,0.04362705360083153,0.30844888695388234,0.8857997955217889,0.9871944237348262,0.0020000000949949026
5,0.041814849149850175,0.38367239041363665,0.905609206177647,0.9881166289946456,0.04007111016061894,0.35881208773406276,0.8999619631568743,0.9881154488145175,0.0020000000949949026
