,val_loss,val_auprc,val_auroc,val_acc,loss,auprc,auroc,acc,lr
0,0.054067338667088266,0.14683777460241024,0.7678037104264738,0.9842220898371674,0.11959849785354969,0.03695708204999629,0.4932812618258441,0.9761310289808451,0.0020000000949949026
1,0.04751440662528337,0.35336537590421124,0.8698573808172922,0.9841222249749704,0.0453371976892877,0.26605107910945247,0.8325994776940248,0.9855521187591854,0.0020000000949949026
2,0.3428354917295404,0.2961952549946482,0.8081571460841587,0.978729772405851,0.18871091609484414,0.3575973852752749,0.8647759630835463,0.9806917651368147,0.0020000000949949026
3,0.3428354917295404,0.2283518111155803,0.7191043168764665,0.978729772405851,0.3131793903892708,0.25910892750291253,0.7588225372898497,0.9805697068527895,0.0020000000949949026
4,0.3428354917295404,0.18753270201633523,0.6695874704675615,0.978729772405851,0.3131793866531085,0.2064279307980924,0.6922817285333623,0.9805697031687136,0.0020000000949949026
5,0.3428354917295404,0.16022899368934487,0.6381824814751879,0.978729772405851,0.31317938288850544,0.1730191121092305,0.6527856132530352,0.9805697020806875,0.0020000000949949026
6,0.3428354917295404,0.14066066820154366,0.6165294542697368,0.978729772405851,0.3131793898930737,0.1499448339861031,0.6267604966784412,0.9805697033109175,0.0020000000949949026
7,0.3428354917295404,0.1259370657773653,0.6007128754537311,0.978729772405851,0.3131793890664428,0.13312142425443962,0.608491039066984,0.9805697022228915,0.0020000000949949026
