,val_loss,val_auprc,val_auroc,val_acc,loss,auprc,auroc,acc,lr
0,0.06143774147552241,0.11152036268720138,0.7460716519023407,0.9793289424012658,0.15028536115938612,0.03934736152311398,0.5197624236830438,0.9561458965424992,0.0020000000949949026
1,0.05085684082913338,0.3082126591325592,0.8637686382159993,0.9859197151168083,0.043838200622536384,0.2250005317281039,0.8218980417316458,0.9864398510463467,0.0020000000949949026
2,0.04330024194877817,0.4110981702792661,0.8994731877720091,0.9868184572116615,0.03814967313666109,0.3646430651633896,0.8843624035717121,0.9881709327079147,0.0020000000949949026
3,0.03931476611257885,0.47873279039245986,0.9178314586349512,0.9877171993065147,0.03604421644623432,0.44816775184095314,0.9099597238202715,0.9886702832178035,0.0020000000949949026
4,0.04286837406940174,0.5232958114025763,0.9280290713633085,0.9875174755342521,0.035922343395083635,0.5034743774304574,0.9239811671914242,0.9889033142955269,0.0020000000949949026
5,0.05592955078218127,0.5559537103368014,0.9352934924528131,0.9839225071548392,0.03216869088456188,0.5425293674780335,0.9321673653617776,0.9900684627922103,0.0020000000949949026
