,val_loss,val_auprc,val_auroc,val_acc,loss,auprc,auroc,acc,lr
0,0.041373335923579176,0.3146292461602779,0.8411844434532454,0.9871180398939897,0.10000959938199593,0.18572634752887632,0.6727650208331504,0.9727798292048399,0.0020000000949949026
1,0.3492859803126063,0.26479269703729247,0.7630162055868099,0.9783303308134572,0.18088523909706372,0.32807879144010665,0.8367773131529358,0.9802922848327456,0.0020000000949949026
2,0.3492850220194359,0.18416597451758,0.6650728680474662,0.9783303308134572,0.3123830072476355,0.21938479575839318,0.7072173135290689,0.9806140891967281,0.0020000000949949026
3,0.34928448930366723,0.14381797611118197,0.6200124659842066,0.9783303308134572,0.3123963729289699,0.16219148478451034,0.6404297934668555,0.9806140919349821,0.0020000000949949026
4,0.3492848375033596,0.11953095806342579,0.5941838730064866,0.9783303308134572,0.31239929739937916,0.13057303319012264,0.605774029706585,0.9806140926460021,0.0020000000949949026
5,0.3492809686178888,0.10328180535315325,0.5774684314816351,0.9783303308134572,0.31239825884514366,0.11082193892448851,0.5851531232681335,0.980614090896562,0.0020000000949949026
6,0.34927511767263075,0.09163887801762229,0.5658002794205559,0.9783303308134572,0.31243026946349933,0.09714023448636902,0.5712953793773287,0.9806140920771861,0.0020000000949949026
