,val_loss,val_auprc,val_auroc,val_acc,loss,auprc,auroc,acc,lr
0,0.06260834019913873,0.1257736803987961,0.6826925190570756,0.9843219546993645,0.1617151755315705,0.051048663787501856,0.44518058481867473,0.9617497239726963,0.0020000000949949026
1,0.05279805114377824,0.2736574815660983,0.8233513892446899,0.9858198502546112,0.053858541546320776,0.20198615279443421,0.7689010544680276,0.9854300550912503,0.0020000000949949026
2,0.04608036069612744,0.36972134082836855,0.8702754161780243,0.9853205557042833,0.045432592357915205,0.32324717604042624,0.8497716416499559,0.9866173980884689,0.0020000000949949026
3,0.043563798541288334,0.43330145754784627,0.8947555644797403,0.9863191567092021,0.04095586421497534,0.4025063689087965,0.8834044512401841,0.987172231311131,0.0020000000949949026
4,0.04321609307616199,0.479557605770169,0.9096705198692708,0.9879169111745144,0.037970376464557795,0.45801763095988735,0.902849357423425,0.9878602276743467,0.0020000000949949026
5,0.04099579320505145,0.514433650763801,0.9192471800508532,0.9872178988040553,0.036605284916690704,0.4967872993946896,0.9145871544207841,0.9884594449407813,0.0020000000949949026
