,val_loss,val_auprc,val_auroc,val_acc,loss,auprc,auroc,acc,lr
0,0.07428929099222727,0.06543623341315517,0.7615096949521525,0.9793289377705076,0.1513599754737374,0.03073859656656868,0.5195402288761776,0.9629592636465022,0.0020000000949949026
1,0.04866212724542663,0.14580948543996183,0.8607402033069688,0.9844218017051671,0.05501657197004113,0.10647408266402551,0.8248341598225752,0.9809358937029147,0.0020000000949949026
2,0.04206468839932044,0.2340646685419717,0.8952332787916574,0.9858198562067427,0.047368502159878326,0.18725915879190727,0.8803194935426549,0.985130439559485,0.0020000000949949026
3,0.038870799474114905,0.3172162172023898,0.9129103467639201,0.9876173344443177,0.04377711141667171,0.2797345806847085,0.9054049562780613,0.9858184359227008,0.0020000000949949026
4,0.03902897299698009,0.3854370756386901,0.9234459102808512,0.9874176166241865,0.041381864548657124,0.35621204251623534,0.9189228444161494,0.9865730072883524,0.0020000000949949026
5,0.0535129661848628,0.436039172034076,0.9304963113639272,0.9835230655624454,0.039252549069444816,0.41470900950619455,0.9274830853720657,0.9870723622859352,0.0020000000949949026
