,val_loss,val_auprc,val_auroc,val_acc,loss,auprc,auroc,acc,lr
0,0.060364877614738584,0.03304034221373515,0.6804468632934811,0.9783303308134572,0.1665274256780139,0.019618968641640103,0.44607350740663226,0.9783170744628734,0.0020000000949949026
1,0.052798059066111756,0.07615515045391626,0.8234395699299142,0.9783303308134572,0.057485419981167483,0.05447478064025214,0.7704082382108005,0.9806029926541735,0.0020000000949949026
2,0.044489955311201757,0.12474123730627582,0.8714842951438231,0.9783303308134572,0.05059651597163279,0.09956064782878384,0.850610798368685,0.9806251882427347,0.0020000000949949026
3,0.040060535512250035,0.24700061608175092,0.8966913096010031,0.9879169230787773,0.04517403873191507,0.18140006058423805,0.8857239496699053,0.9852746987233834,0.0020000000949949026
4,0.038118699428630796,0.34134595158906283,0.9118992726150948,0.9885160765391708,0.04195581187782962,0.2984624462309072,0.9049368415896417,0.9873941616430139,0.0020000000949949026
5,0.03825194839911176,0.40879870987186084,0.9219462363001398,0.9888156532693676,0.03908111981688989,0.3777875258604384,0.9172594090148676,0.9879268058416485,0.0020000000949949026
