,val_loss,val_auprc,val_auroc,val_acc,loss,auprc,auroc,acc,lr
0,0.304206138992634,0.07916610511936827,0.7146422043279043,0.9811264279123455,0.1556794267976903,0.07163951872634389,0.585684559102427,0.9730017611307304,0.0020000000949949026
1,0.304206138992634,0.050485994514291435,0.591132945111585,0.9811264279123455,0.31747196802831884,0.0611944675683831,0.6338292813447126,0.9803033832173381,0.0020000000949949026
2,0.304206138992634,0.040767417386224795,0.5573765376572698,0.9811264279123455,0.3174719646825562,0.044934044120545996,0.5715077848397515,0.9803033818945102,0.0020000000949949026
3,0.304206138992634,0.03581477526596903,0.541794086981134,0.9811264279123455,0.31747196536695427,0.03803731224193212,0.548581409110675,0.9803033821789182,0.0020000000949949026
4,0.304206138992634,0.032793822060487025,0.5328478767816145,0.9811264279123455,0.3174719675497858,0.03418592784321403,0.5369359847100196,0.9803033830751341,0.0020000000949949026
5,0.304206138992634,0.030751235956827966,0.5270492183321699,0.9811264279123455,0.31747196933543825,0.03171435633451099,0.5296555751404504,0.9803033861474021,0.0020000000949949026
