,val_loss,val_auprc,val_auroc,val_acc,loss,auprc,auroc,acc,lr
0,0.04726210325347739,0.06006407853203285,0.7451646620817282,0.9817255813727389,0.1274426159184842,0.029152178806309978,0.5100223050229986,0.9698614049098309,0.0020000000949949026
1,0.04198767486100357,0.2591543431193476,0.8533365404579676,0.9860195799790054,0.05575670706939341,0.1519371336180182,0.8138958068390149,0.9824561409137404,0.0020000000949949026
2,0.2945487937402512,0.15805527561316118,0.7449672048454254,0.9817255813727389,0.3082352117260732,0.20962305514554413,0.8085780592923878,0.9744887137069883,0.0020000000949949026
3,0.2945487937402512,0.12469138532418654,0.6730568303613337,0.9817255813727389,0.3240896925054518,0.13979384548279122,0.7050231931670358,0.9798928070321284,0.0020000000949949026
4,0.2945487937402512,0.10452435103741524,0.6333828308231368,0.9817255813727389,0.32408969002878707,0.11389188677124115,0.6516471643599049,0.9798928079779504,0.0020000000949949026
5,0.2945487937402512,0.09098616645368054,0.6083594944297565,0.9817255813727389,0.32408969065150833,0.09718561714406639,0.6195407045325796,0.9798928046708805,0.0020000000949949026
6,0.2945487937402512,0.08125474873579784,0.5911774519248377,0.9817255813727389,0.32409025998476776,0.08595274464025972,0.5995576031848261,0.9798928081201544,0.0020000000949949026
7,0.2945487937402512,0.07391421809206233,0.5786665323277255,0.9817255813727389,0.3240908281357497,0.07735818702791342,0.5844171122942595,0.9798928051900905,0.0020000000949949026
