,val_loss,val_auprc,val_auroc,val_acc,loss,auprc,auroc,acc,lr
0,0.063094144526721,0.04931253057761132,0.7007305165691388,0.9790293550881792,0.16004674829196966,0.03645449989796127,0.500975192859778,0.954126300686972,0.0020000000949949026
1,0.052164588343788815,0.16297825836411536,0.8359978378997583,0.983722789334708,0.053053601211386685,0.09825317658308624,0.7831544864213024,0.9837655510777742,0.0020000000949949026
2,0.044496606252321186,0.27290971584607676,0.8799976827452134,0.9864190156192677,0.0449285071795384,0.21915122961940312,0.8610932112040395,0.9856297912499978,0.0020000000949949026
3,0.04188021031340957,0.3539959402802892,0.9032340539008861,0.9866187453436618,0.04013419822672359,0.3157589013155425,0.8925679582514096,0.9867172671136647,0.0020000000949949026
4,0.04024330588176308,0.41404252424791516,0.9170857595426012,0.9873177636662523,0.03820048587643262,0.3860383289851939,0.9108374016960405,0.9870390714776472,0.0020000000949949026
5,0.038334725650642325,0.46127512269518156,0.9263693125323667,0.9876173344443177,0.03612849830113025,0.43827063772830155,0.9219698119609571,0.9881487402842194,0.0020000000949949026
