,val_loss,val_auprc,val_auroc,val_acc,loss,auprc,auroc,acc,lr
0,0.3541023736915267,0.05296030208923775,0.6563741049057998,0.9780307540832605,0.251780007284844,0.05398708785718491,0.6365539523217483,0.9624599117443369,0.0020000000949949026
1,0.3541023736915267,0.03741538588389894,0.5697367540466731,0.9780307540832605,0.3119273839898183,0.04326859755773679,0.6002288023199536,0.980647379485806,0.0020000000949949026
2,0.3541023736915267,0.03200519761836574,0.5447348661710336,0.9780307540832605,0.31192738727936076,0.03432954734677789,0.5551709994761862,0.9806473796280101,0.0020000000949949026
3,0.3541023736915267,0.029203868050158725,0.5329082844641624,0.9780307540832605,0.3119273862678934,0.030465159813964013,0.5381461575580863,0.980647380950838,0.0020000000949949026
4,0.3541023736915267,0.02747601126224868,0.5260218929358769,0.9780307540832605,0.31192738463006703,0.02827519830966351,0.5291566209696683,0.980647378682188,0.0020000000949949026
5,0.3541023736915267,0.02629781146304072,0.5215170660108441,0.9780307540832605,0.3119273833108768,0.02686716367532331,0.5235465557024374,0.980647382273666,0.0020000000949949026
