,val_loss,val_auprc,val_auroc,val_acc,loss,auprc,auroc,acc,lr
0,0.34298477267542893,0.23195415816788953,0.7859252906140868,0.978729772405851,0.11898279083641965,0.16589757551410572,0.7081456814159154,0.9729573814092982,0.0020000000949949026
1,0.342901145227946,0.12604852896894264,0.6245492054169969,0.978729772405851,0.31314939393757707,0.16641957568186017,0.6836393637360694,0.9805697031687136,0.0020000000949949026
2,0.34286944863971053,0.09109065904900869,0.5788376125861766,0.978729772405851,0.3131179409557051,0.1062340849963864,0.5985264081734414,0.9805697030265096,0.0020000000949949026
3,0.342858444636612,0.07357357523625593,0.5574330659190743,0.978729772405851,0.3130940639231374,0.08160607355603808,0.5673752345145328,0.9805697056721655,0.0020000000949949026
4,0.34285082888436613,0.06303883475774726,0.5451803898797055,0.978729772405851,0.3130628003887525,0.06789522831361357,0.5508090535226878,0.9805697056721655,0.0020000000949949026
5,0.3428464525796856,0.05598640630056288,0.537207172484557,0.978729772405851,0.31308608453626596,0.05926524027088216,0.540865776509535,0.9805697051529555,0.0020000000949949026
