,val_loss,val_auprc,val_auroc,val_acc,loss,auprc,auroc,acc,lr
0,0.049143896363175246,0.1387957170269364,0.7785394596248799,0.9845216665673642,0.118500570120602,0.04080987537477798,0.5282994123787114,0.9756205836778417,0.0020000000949949026
1,0.045303674536516854,0.33988014670077354,0.8739143597382092,0.986219291847005,0.04588316025508948,0.25757490294800617,0.8389509823700969,0.985285795927352,0.0020000000949949026
2,0.304206138992634,0.2441496656151477,0.759456064247766,0.9811264279123455,0.27768091203774403,0.2943591879377556,0.8255750249362293,0.9798706121049812,0.0020000000949949026
3,0.304206138992634,0.18916283190452768,0.6852761121693309,0.9811264279123455,0.31747196424271584,0.2132603191263009,0.716993602340196,0.9803033850593761,0.0020000000949949026
4,0.304206138992634,0.15606207229585403,0.6438035078931527,0.9811264279123455,0.3174719652384746,0.17114953857864737,0.662430568624223,0.9803033853437841,0.0020000000949949026
5,0.304206138992634,0.1339124125207711,0.6174006460311529,0.9811264279123455,0.31747196685331686,0.14409159496852367,0.6293457132812764,0.9803033840209562,0.0020000000949949026
6,0.304206138992634,0.11803286797912958,0.5991456697676171,0.9811264279123455,0.3174719653790251,0.1254712339636039,0.6076082832428293,0.9803033822715161,0.0020000000949949026
7,0.304206138992634,0.1060815815433833,0.5857826581681254,0.9811264279123455,0.31747196639231134,0.11190372855187188,0.5923562268033128,0.9803033830751341,0.0020000000949949026
