,val_loss,val_auprc,val_auroc,val_acc,loss,auprc,auroc,acc,lr
0,0.062359105779814426,0.25844569215285035,0.8485956649259343,0.9841222368792333,0.10642686742546258,0.10546804462496098,0.6571840993340834,0.9643907385896464,0.0020000000949949026
1,0.3541023736915267,0.3115626198816423,0.8488234654143348,0.9780307540832605,0.08657381861963113,0.3282478727260662,0.8792293557178398,0.9840096782714401,0.0020000000949949026
2,0.3541023736915267,0.21573837101161897,0.7178649669377324,0.9780307540832605,0.31192740151365134,0.2567354654960764,0.7725851140509661,0.98064737787857,0.0020000000949949026
3,0.3541023736915267,0.1677760277200131,0.6580269013142571,0.9780307540832605,0.31192739589527013,0.188993866833445,0.6840483885297831,0.980647381470048,0.0020000000949949026
4,0.3541023736915267,0.1388948253791728,0.6238764993487801,0.9780307540832605,0.31192741441486194,0.15192578623106512,0.6390403138410857,0.980647381470048,0.0020000000949949026
5,0.3541023736915267,0.11956248237465536,0.6018278375937597,0.9780307540832605,0.3119273943260655,0.12857208838936549,0.6120341922603556,0.980647377217156,0.0020000000949949026
6,0.3541023736915267,0.10569864046628398,0.586427241474515,0.9780307540832605,0.3119274036457193,0.11227855501636713,0.5937272421030574,0.980647383312086,0.0020000000949949026
