,val_loss,val_auprc,val_auroc,val_acc,loss,auprc,auroc,acc,lr
0,0.05131782122147561,0.16302487682993835,0.7700904162791476,0.9872178988040553,0.13858374759235897,0.04828608099933852,0.5587969938216851,0.9684965066491141,0.0020000000949949026
1,0.0554861727161625,0.3132296706212598,0.8638603162784549,0.9811264160080825,0.052863887560045376,0.263698420580738,0.832154461896516,0.9852081135153296,0.0020000000949949026
2,0.04614215831595765,0.38090719015674007,0.8926823464296096,0.9879169111745144,0.04981403607770399,0.348765271146022,0.88041522845128,0.9854855350161635,0.0020000000949949026
3,0.34927370404140107,0.3308649010493509,0.8273726494602274,0.9783303308134572,0.21530051198667435,0.3747170080698585,0.8767466071109257,0.9820011742128223,0.0020000000949949026
4,0.34927370404140107,0.2700457856794163,0.7529083418708041,0.9783303308134572,0.31247705338993387,0.2980560458687196,0.7867890328007815,0.9806029955842375,0.0020000000949949026
5,0.34927370404140107,0.22937182145833446,0.7058024685111902,0.9783303308134572,0.3124639565874138,0.24834745917817952,0.7275743519856263,0.9806140911809701,0.0020000000949949026
6,0.34927370404140107,0.2002139031732299,0.6733844761056101,0.9783303308134572,0.3124641278723361,0.21410987689985803,0.6887718681602999,0.9806140901425501,0.0020000000949949026
7,0.34927370404140107,0.1782702240807962,0.6497383791218981,0.9783303308134572,0.3124640357917395,0.18879626263340404,0.6610516395847646,0.9806140898581421,0.0020000000949949026
8,0.34927370404140107,0.16114783890296866,0.6317407057412446,0.9783303308134572,0.31246424277562646,0.1693006982959253,0.6402570460329139,0.9806140885353142,0.0020000000949949026
