,val_loss,val_auprc,val_auroc,val_acc,loss,auprc,auroc,acc,lr
0,0.05947260778257447,0.03308939426506449,0.6780345272655993,0.9793289377705076,0.1718495746534957,0.017182386755533716,0.43914879867670925,0.978206108233709,0.0020000000949949026
1,0.05397352905780678,0.07606406951673211,0.8217648900695634,0.9793289377705076,0.05931320112941731,0.054236497898470584,0.7679377094264862,0.980492028409251,0.0020000000949949026
2,0.04970670387276084,0.12164560066759646,0.8694385838456227,0.9793289377705076,0.05201724629642876,0.09866368311718605,0.8495131526233096,0.9805031257554236,0.0020000000949949026
3,0.040595272716218905,0.20620275630621418,0.8951996120836103,0.9856201264823485,0.04625338584349008,0.1563574038848172,0.8841003834244198,0.9828334273290823,0.0020000000949949026
4,0.04319156058620351,0.29809156092955535,0.9101708354363309,0.9869183161217271,0.04348933158483985,0.2558830735007264,0.9031752029706824,0.9846865760152613,0.0020000000949949026
5,0.037623563691494166,0.36793593021002935,0.9207229042019891,0.9877171933543832,0.0409061009186699,0.33235203920032225,0.9155056838796548,0.986462045973494,0.0020000000949949026
