,val_loss,val_auprc,val_auroc,val_acc,loss,auprc,auroc,acc,lr
0,0.056574583913671865,0.10588248127177492,0.7118000987048918,0.9846215254774298,0.15014087422503325,0.023803314078356435,0.43065895199218784,0.9757315484419741,0.0020000000949949026
1,0.04966531410158225,0.367321114584622,0.8529819822582818,0.9872178928519239,0.04205420797934997,0.2639100717491161,0.8025940986522374,0.9876160956589727,0.0020000000949949026
2,0.04214813258585957,0.4740213729591457,0.895423116918712,0.9864190215713992,0.035416617196215354,0.42656041816513074,0.8773060223531002,0.9890031819978947,0.0020000000949949026
3,0.03823721322091678,0.5385516915393728,0.9166426588990433,0.98801677008458,0.03234444749339178,0.5098266927659441,0.9075086390999785,0.9897244706344304,0.0020000000949949026
4,0.04150859863146327,0.5799742863162539,0.9287872296001517,0.9879169230787773,0.031254334899288166,0.5612986372484883,0.9234820517388086,0.9900240771412018,0.0020000000949949026
5,0.06043020760638084,0.6083014065547453,0.9360419356444412,0.9835230715145769,0.029842162881136777,0.596941373172882,0.9330800871024568,0.9902238142457713,0.0020000000949949026
