,val_loss,val_auprc,val_auroc,val_acc,loss,auprc,auroc,acc,lr
0,0.06551558947920151,0.033010748455523015,0.6503640179008406,0.9811264279123455,0.14554000128848613,0.02182199562322447,0.4359143381370535,0.9785279153855516,0.0020000000949949026
1,0.06773962651213677,0.07435270402872898,0.7921311377836173,0.9811264279123455,0.06777128644134386,0.051643163641574286,0.7368282070430245,0.9802700933052662,0.0020000000949949026
2,0.05187563758240412,0.15422486823215106,0.845078105837946,0.9850209670698236,0.05877362884045261,0.1117854032409648,0.8216099774070121,0.9809358945991307,0.0020000000949949026
3,0.304206138992634,0.16294200768698375,0.8150474451867696,0.9811264279123455,0.1659567907778495,0.1783489482949288,0.8481143238651163,0.9788941051161347,0.0020000000949949026
4,0.304206138992634,0.13554820397822995,0.739763535816607,0.9811264279123455,0.31747196637478386,0.1480402123595445,0.7733826539835171,0.9803033832173381,0.0020000000949949026
5,0.304206138992634,0.11713981684814415,0.6930358358574218,0.9811264279123455,0.3174719658630148,0.12556516383747865,0.7139603647987623,0.9803033815175042,0.0020000000949949026
6,0.304206138992634,0.1038942852981771,0.6613378390738273,0.9811264279123455,0.31747196521730936,0.11014361682373262,0.6761362602804459,0.9803033838787522,0.0020000000949949026
7,0.304206138992634,0.09389341214423602,0.638476069313527,0.9811264279123455,0.31747196439417963,0.09870119622580936,0.6494447215492867,0.9803033808560901,0.0020000000949949026
8,0.304206138992634,0.08606719609408743,0.6212323382749799,0.9811264279123455,0.3174719666879634,0.08981494871752094,0.629436909389825,0.9803033813753002,0.0020000000949949026
