,val_loss,val_auprc,val_auroc,val_acc,loss,auprc,auroc,acc,lr
0,0.07126386085309762,0.10360572514644469,0.7147531726771256,0.9734371906510603,0.14830053306104315,0.027114934195915073,0.4224635472948976,0.9766636676533659,0.0020000000949949026
1,0.0432963755924518,0.36300461586183097,0.8565164021753326,0.9861194329369394,0.04290664971997702,0.26220337653323594,0.8060887996176581,0.9874940335486676,0.0020000000949949026
2,0.044441395406656835,0.46961840218190115,0.8986894379291607,0.9848212492496924,0.03609150248937185,0.42179756571512195,0.8812475836958132,0.9887923442400826,0.0020000000949949026
3,0.03554781364501233,0.5318454169741357,0.918604592125121,0.9881166408989085,0.03330647445949678,0.5047162726447249,0.9101471480591506,0.9895358239774855,0.0020000000949949026
4,0.035987292428809534,0.5753926419559439,0.9301941154339796,0.9887157884071706,0.031771951002702775,0.5576465670174614,0.9252602598160422,0.9900240776604117,0.0020000000949949026
5,0.033217459728576565,0.6061194461097207,0.9378010487161236,0.988615929497105,0.0310110009769174,0.5924099744009798,0.9343211316860779,0.9901683335172401,0.0020000000949949026
