,val_loss,val_auprc,val_auroc,val_acc,loss,auprc,auroc,acc,lr
0,0.34927370404140107,0.04278885792484773,0.6189010905033818,0.9783303308134572,0.2983976045438701,0.05005528287903606,0.6161246536635688,0.9622823657869336,0.0020000000949949026
1,0.34927370404140107,0.032129539764222684,0.5535581977109792,0.9783303308134572,0.31246395551426964,0.03617904537938308,0.5767810635321353,0.9806140869280782,0.0020000000949949026
2,0.34927370404140107,0.02837353576081097,0.5344768588905304,0.9783303308134572,0.31246395772736085,0.029968716155614493,0.5427078062041071,0.9806140880161042,0.0020000000949949026
3,0.34927370404140107,0.026416786035122167,0.5254074667227204,0.9783303308134572,0.3124639575583696,0.027293597245794245,0.5294570838197186,0.9806140883931102,0.0020000000949949026
4,0.34927370404140107,0.02520505078278284,0.5201123853822133,0.9783303308134572,0.312463956896819,0.025759650771863863,0.5225501757206111,0.9806140908039641,0.0020000000949949026
5,0.34927370404140107,0.02437638270828463,0.5166424965820365,0.9783303308134572,0.31246396084063655,0.024776205763437236,0.5182256715090835,0.98061409325781,0.0020000000949949026
