,val_loss,val_auprc,val_auroc,val_acc,loss,auprc,auroc,acc,lr
0,0.12188247171650425,0.021331607138495114,0.5374669888811433,0.9783303308134572,0.12844331866289985,0.020687209827386848,0.5131962764830249,0.9651564113757809,0.0020000000949949026
1,0.13112730896415678,0.02463132550778838,0.5820735256924752,0.9783303308134572,0.09640477898524555,0.023068503963779727,0.564247181820158,0.980614092361594,0.0020000000949949026
2,0.10657183201256296,0.028469459962271657,0.6175689891900324,0.9783303308134572,0.09139754427396125,0.02630217455799843,0.599438884458758,0.9806140903773521,0.0020000000949949026
3,0.1069371562402019,0.03330958575540039,0.6497914654446239,0.9783303308134572,0.0871647781977649,0.031156389867456342,0.6366424691513459,0.9806029913313455,0.0020000000949949026
4,0.10933956577600132,0.03887692739506646,0.6757617633047993,0.9783303308134572,0.08386261747092122,0.03629193395631346,0.6646415878035651,0.9806140883931102,0.0020000000949949026
5,0.12632343371679428,0.04599327574102184,0.6985787094556002,0.9783303308134572,0.07958554143502415,0.04290095847220107,0.689693365772667,0.9806029931733835,0.0020000000949949026
6,0.11728820802403206,0.05460003195231918,0.7189052006739781,0.978130612993326,0.0752754923044403,0.05111860102889682,0.7104721360212584,0.980769441688709,0.0020000000949949026
