,val_loss,val_auprc,val_auroc,val_acc,loss,auprc,auroc,acc,lr
0,0.304206138992634,0.01997813230016964,0.49430748414964715,0.9811264279123455,0.3114306758496646,0.0215510677291453,0.48786898449731164,0.9698724974376026,0.0020000000949949026
1,0.304206138992634,0.01971888250297645,0.4971054597352826,0.9811264279123455,0.317471978962815,0.019872025288749345,0.4959659775776114,0.9803033840209562,0.0020000000949949026
2,0.304206138992634,0.019654504772530883,0.498060554176694,0.9811264279123455,0.31747204179350647,0.019754508315569567,0.49759805754665604,0.9803033797680641,0.0020000000949949026
3,0.304206138992634,0.01969395617414835,0.4986074847365083,0.9811264279123455,0.31729312546303445,0.01975118183707413,0.4983750251785042,0.9803144799946948,0.0020000000949949026
4,0.304206138992634,0.019668576875465322,0.49888404638962,0.9811264279123455,0.31747196763246255,0.019642074473946072,0.49877197335170037,0.9803033837365481,0.0020000000949949026
5,0.304206138992634,0.019653099129061654,0.4990688529596944,0.9811264279123455,0.3174719665613026,0.019650911592445704,0.49898532682508223,0.9803033826981281,0.0020000000949949026
