,val_loss,val_auprc,val_auroc,val_acc,loss,auprc,auroc,acc,lr
0,0.10834546293082158,0.021300997304936023,0.5399432107196113,0.9811264279123455,0.13053373279972066,0.020220894243603776,0.5157935724552144,0.964712540496476,0.0020000000949949026
1,0.11325848987877063,0.025292946769745615,0.5902629638827678,0.9811264279123455,0.09731502843681357,0.023876887877662966,0.5733238935678265,0.9803033841631602,0.0020000000949949026
2,0.09877754359863013,0.029130392901886598,0.6242929350979818,0.9811264279123455,0.09238560587109536,0.0274221802128626,0.6092842348198644,0.9803033832173381,0.0020000000949949026
3,0.10388021203048493,0.03352131573727013,0.6545392820786068,0.9811264279123455,0.08845370136870154,0.03189273406422142,0.642421164244841,0.9803033850593761,0.0020000000949949026
4,0.09715232751770263,0.039132508186432616,0.6810351761844027,0.9811264279123455,0.0846293548556246,0.03676268455361094,0.6702785220174964,0.9803033853437841,0.0020000000949949026
5,0.1036039910670567,0.04644495180419445,0.7056854485584538,0.9811264279123455,0.07942920901365032,0.04352934980652524,0.6955967270824107,0.980336674310034,0.0020000000949949026
