,val_loss,val_auprc,val_auroc,val_acc,loss,auprc,auroc,acc,lr
0,0.33317815242928916,0.14470188493485314,0.7231041001706917,0.9793289377705076,0.1551787983476689,0.11627050063228361,0.6788469665791317,0.9700833383007534,0.0020000000949949026
1,0.33317815242928916,0.08275393309268453,0.5975782956361818,0.9793289377705076,0.3142525331077972,0.10614993475475201,0.6428933400171596,0.9805031252362136,0.0020000000949949026
2,0.33317815242928916,0.062226494609422735,0.5621397596336968,0.9793289377705076,0.3142525334348665,0.0710000306730329,0.5770539797169761,0.9805031229675637,0.0020000000949949026
3,0.33317815242928916,0.051907386210404256,0.5455376461448844,0.9793289377705076,0.31425253211203846,0.056486405245085455,0.5527027637361376,0.9805031223061497,0.0020000000949949026
4,0.33317815242928916,0.045675172479996216,0.5359243305233726,0.9793289377705076,0.314252531763804,0.04853994315520407,0.5403105870254856,0.9805031217869398,0.0020000000949949026
5,0.33317815242928916,0.0414940325886648,0.5296578950955289,0.9793289377705076,0.31425253475769444,0.04344928576912804,0.5325933088759379,0.9805031229675637,0.0020000000949949026
