,val_loss,val_auprc,val_auroc,val_acc,loss,auprc,auroc,acc,lr
0,0.055339674636296035,0.03682195642839917,0.684371930385793,0.9783303308134572,0.1955447368207146,0.03962546959854227,0.5325015420861683,0.9441170893116853,0.0020000000949949026
1,0.047535198085694175,0.13483797466419212,0.8298856216989308,0.9854204146143488,0.051378058017373184,0.07343947241153043,0.7747863105373712,0.9837433574734549,0.0020000000949949026
2,0.038412513031875546,0.27539804442118854,0.8800071738950502,0.9883163646711711,0.04250416838273649,0.2055189280818062,0.8585582792931571,0.9870279729508507,0.0020000000949949026
3,0.03876949024550574,0.36625809947578214,0.9043793616976737,0.9870181690796611,0.038332105711090414,0.32700434663851413,0.8938124678480097,0.987727063445767,0.0020000000949949026
4,0.03657445582963522,0.42949060143075923,0.9186331222151148,0.988715794359302,0.03597394066865459,0.3999602152566355,0.9123490447997623,0.9887590548968267,0.0020000000949949026
5,0.033687826778738945,0.4805937038583148,0.9283225394804748,0.9885160824913023,0.03402224458594579,0.4560162323725803,0.9239125116061097,0.9895358211896256,0.0020000000949949026
