,val_loss,val_auprc,val_auroc,val_acc,loss,auprc,auroc,acc,lr
0,0.0466619476890636,0.1059429561702558,0.7153549668244648,0.9863191567092021,0.1360278001388784,0.027617734818531206,0.45732634700865754,0.974155822344655,0.0020000000949949026
1,0.07245900829394991,0.30676003141224156,0.8397831939308139,0.9786299002701493,0.05185404877415581,0.22302353979532785,0.7955109244747943,0.9845867028793776,0.0020000000949949026
2,0.31547304029904766,0.22542625241277697,0.7258012299054821,0.9804274036376234,0.28450764812221446,0.26913892296382796,0.787681354499418,0.9796375808850537,0.0020000000949949026
3,0.3154730879160996,0.1747531279168587,0.6579157243309227,0.9804274036376234,0.3212698888587273,0.19754218527036707,0.6877839273395104,0.9800370648731987,0.0020000000949949026
4,0.31547303434691615,0.14044000525924052,0.6233621337158084,0.9804274036376234,0.31682591306070185,0.15651463123297252,0.6393502711071116,0.9794711326045301,0.0020000000949949026
5,0.31547303434691615,0.12077191987359312,0.599752176872194,0.9804274036376234,0.32168225733365313,0.12997518491729518,0.6106984764521082,0.9800370615661288,0.0020000000949949026
6,0.31547303434691615,0.10668812722372442,0.5836442913365312,0.9804274036376234,0.3217645850492788,0.11326755521526753,0.5910483917318841,0.9800370650154028,0.0020000000949949026
7,0.31547303434691615,0.09609874681498397,0.5719741439662199,0.9804274036376234,0.32176459707477734,0.10107762701746159,0.5773691041693635,0.9800370597240908,0.0020000000949949026
