,val_loss,val_auprc,val_auroc,val_acc,loss,auprc,auroc,acc,lr
0,0.06900875451255666,0.046022631318740126,0.6767613490898737,0.9810265630501483,0.1741144485059892,0.03134401701169583,0.49456863979306076,0.9539043678053382,0.0020000000949949026
1,0.05410567303144434,0.11436817444606481,0.8080005982642595,0.983622924472511,0.0629250713250847,0.07706216424611,0.7550080457815195,0.9819678820817064,0.0020000000949949026
2,0.049933369219469045,0.1929171095773896,0.8591304875929626,0.9852206967942178,0.05042253104722015,0.153582544977058,0.8372059121332914,0.9834548437755561,0.0020000000949949026
3,0.04521779002261294,0.2663137991258859,0.8851539897352059,0.9858198502546112,0.04576301500653467,0.22894883335363583,0.8732307813094737,0.9852414094727254,0.0020000000949949026
4,0.04334721269540969,0.32695277862880245,0.9009166062771025,0.9870181690796611,0.042059649220987046,0.29724150077671785,0.8937347996160419,0.9863288826907363,0.0020000000949949026
5,0.04257728956394799,0.3766453394888403,0.9121343332992143,0.9875174755342521,0.03941435097335536,0.352214775040063,0.9068980012986677,0.9873164865065454,0.0020000000949949026
