,val_loss,val_auprc,val_auroc,val_acc,loss,auprc,auroc,acc,lr
0,0.33319342262263557,0.02133772556249827,0.4831429623083747,0.9793289377705076,0.3158334063020198,0.0265532600644181,0.4554652502573628,0.9721917061064835,0.0020000000949949026
1,0.3331795482041244,0.020241643968223335,0.4915282828604982,0.9793289377705076,0.3141649244348318,0.020580863860753914,0.4884119654219802,0.9805031252362136,0.0020000000949949026
2,0.33318313287531626,0.01994658556726073,0.494362441483243,0.9793289377705076,0.314148003732822,0.020053061001244286,0.49316039661790634,0.9805031229675637,0.0020000000949949026
3,0.33317898423966535,0.019825037751463638,0.49583939038066777,0.9793289377705076,0.3141223383016367,0.019915377472168084,0.49517626402785964,0.9805031223061497,0.0020000000949949026
4,0.3331785928870197,0.019761246908623492,0.49672449413044906,0.9793289377705076,0.3141121592209824,0.019788199193132513,0.49629272901169363,0.9805031217869398,0.0020000000949949026
5,0.3331784440837323,0.019723638510493337,0.49731404961214964,0.9793289377705076,0.31410756802302797,0.019732916789959018,0.4970352676528901,0.9805031229675637,0.0020000000949949026
