,val_loss,val_auprc,val_auroc,val_acc,loss,auprc,auroc,acc,lr
0,0.05114988466929916,0.11749496280742258,0.7516076561574667,0.9840223720170362,0.1372582868732631,0.04263689255720898,0.4995094819907423,0.972580092467355,0.0020000000949949026
1,0.043575541115971735,0.30524426077877376,0.8646707910726664,0.98562013243448,0.046864674722587665,0.22019952724330685,0.8236699263828908,0.9845645100786763,0.0020000000949949026
2,0.04056521173881299,0.40631190293535685,0.9003789922732518,0.987417610672055,0.04050661660583261,0.3596404904889533,0.8860239746559555,0.9867949435729612,0.0020000000949949026
3,0.04434997458193196,0.4746439844840107,0.9184427658121624,0.9870181750317927,0.036860147001961135,0.44299217627707976,0.9106954655953433,0.9881154513179694,0.0020000000949949026
4,0.03782179552651771,0.5229369076231127,0.9297062102039345,0.9883163408626452,0.03449802793193488,0.501121527800721,0.9245625409376529,0.9886702832178035,0.0020000000949949026
5,0.03730074312784922,0.5601554320723753,0.9372078688982268,0.988815659221499,0.033003886523658044,0.5430988186087015,0.9336376953113359,0.9892806000494547,0.0020000000949949026
