,val_loss,val_auprc,val_auroc,val_acc,loss,auprc,auroc,acc,lr
0,0.0560924441629728,0.0851567681556646,0.7221419164847299,0.9834232126045113,0.14701564053490693,0.026926992383720552,0.4621660702264289,0.9713483617389808,0.0020000000949949026
1,0.046195369779644,0.2913361648159016,0.8522440164132534,0.9863191567092021,0.04624956483001019,0.19680690099965312,0.8051733668428809,0.9857407614476462,0.0020000000949949026
2,0.04335149831583287,0.4061400598576856,0.8928632980481531,0.98562013243448,0.03910227097980229,0.349131188656464,0.8754056808380151,0.9873497773148332,0.0020000000949949026
3,0.039820488202302835,0.47033625337590423,0.9125771849770162,0.9869183161217271,0.03685811552129978,0.4375120178743882,0.903099070961342,0.9883484800344449,0.0020000000949949026
4,0.040100234166990774,0.5192177458773217,0.9250269211859957,0.9876173403964491,0.03408588826851376,0.4950473858509125,0.9194162506556208,0.989025378532278,0.0020000000949949026
5,0.03783558106705746,0.5542131448568212,0.9332210018960021,0.9872178928519239,0.03295078347359626,0.537146755119352,0.9292765933478873,0.9893915666556252,0.0020000000949949026
