,val_loss,val_auprc,val_auroc,val_acc,loss,auprc,auroc,acc,lr
0,0.05765462111932247,0.11839940585382022,0.668397338989849,0.9849211141118894,0.18722628162019028,0.04411824826430043,0.43951334379610835,0.9419421393106422,0.0020000000949949026
1,0.05364100710178787,0.2760304684574218,0.8264714209338684,0.9833233536944457,0.04774693957057847,0.21102192012524798,0.7695964610609568,0.9865952048611556,0.0020000000949949026
2,0.041989154363333225,0.37027832814526696,0.8784349746444112,0.9869183101695955,0.038386257149476966,0.32174346350444366,0.85556506176613,0.9879600957537205,0.0020000000949949026
3,0.0439720481791732,0.43875284231373335,0.9036232694456718,0.9872178868997923,0.035616091847165424,0.407703355248222,0.8925266546004423,0.9882042231391966,0.0020000000949949026
4,0.05259416817807378,0.48578813178634034,0.918202993527891,0.9854204205664804,0.03331294731951352,0.46640982592231667,0.9120473276997753,0.9888256328293266,0.0020000000949949026
5,0.04150729642425139,0.5225397416377272,0.9280094654112012,0.9884162176291053,0.03169689778390939,0.5052338604774038,0.9234207976783378,0.9895469213236582,0.0020000000949949026
