,val_loss,val_auprc,val_auroc,val_acc,loss,auprc,auroc,acc,lr
0,0.03793287226335606,0.23068313905048543,0.8698134723122972,0.9878170582165803,0.09448285668616115,0.07719945962903518,0.7007731495657364,0.9646237669754149,0.0020000000949949026
1,0.05418119767387965,0.4231128722625696,0.9193913196169833,0.9819253051450015,0.040926156488450924,0.3467118467198909,0.9022584065282514,0.9875606136076134,0.0020000000949949026
2,0.035002471317711926,0.5060280369431381,0.9344834428312585,0.9901138429087462,0.0397835822858027,0.4615080855363578,0.9278816922670521,0.9877048701258557,0.0020000000949949026
3,0.3541023736915267,0.4365228493996478,0.8703600154895375,0.9780307540832605,0.19906582048524465,0.49435752363088653,0.9198755562640787,0.9825671083235289,0.0020000000949949026
4,0.3541023736915267,0.3551117344866357,0.7886279409270289,0.9780307540832605,0.31192738528784325,0.39155053521044747,0.8247219663093224,0.980647383027678,0.0020000000949949026
5,0.3541023736915267,0.30062111881837794,0.7363022327756416,0.9780307540832605,0.3119273869486538,0.3255793451657685,0.7600256067374928,0.980647382273666,0.0020000000949949026
6,0.3541023736915267,0.26154868478234095,0.6999747472440789,0.9780307540832605,0.31192738297639544,0.27967298844954686,0.7166807730724101,0.98064738241587,0.0020000000949949026
7,0.3541023736915267,0.23213827713582957,0.6732982268989598,0.9780307540832605,0.31192738578754153,0.24607827311942929,0.6858792001840186,0.98064738066643,0.0020000000949949026
8,0.3541023736915267,0.2091869029791407,0.6528853001722157,0.9780307540832605,0.31192738214962795,0.22010043681911998,0.6625436067062628,0.9806473791088001,0.0020000000949949026
