,val_loss,val_auprc,val_auroc,val_acc,loss,auprc,auroc,acc,lr
0,0.0648746536618695,0.05445718421969605,0.7321291206505381,0.9775314595329326,0.12699320701717323,0.025946207272520564,0.4923419395177746,0.9701721085974214,0.0020000000949949026
1,0.3365384223117838,0.21022392459108083,0.8076687538864276,0.9775314595329326,0.07504522018191227,0.1474922448335502,0.8025434700779215,0.9828667192253963,0.0020000000949949026
2,0.3621503399657905,0.14718529448695875,0.712164395913074,0.9775314595329326,0.25957927169719325,0.1788962037245951,0.7633951448566929,0.9775736008204005,0.0020000000949949026
3,0.3621712170670037,0.11670995813472461,0.651211186490517,0.9775314595329326,0.3099970514429964,0.13056225584108294,0.6784918911156753,0.9803588659301113,0.0020000000949949026
4,0.36215017330610866,0.07676058138187046,0.6160909852415877,0.9775314595329326,0.35382915923688213,0.08839552188745524,0.6323481743334163,0.9730350527426364,0.0020000000949949026
5,0.36215017330610866,0.06774006060034257,0.5940089279695354,0.9775314595329326,0.3165001198918106,0.07185571273058133,0.6037250345619479,0.9803588664493214,0.0020000000949949026
6,0.36215017330610866,0.06124962847854697,0.5789146508217239,0.9775314595329326,0.3165776789168873,0.06432763153028662,0.5860486961571721,0.9803588668759333,0.0020000000949949026
7,0.36215017330610866,0.056349120340722036,0.5679623145697144,0.9775314595329326,0.3165776786018889,0.058682543289030484,0.5731438436842272,0.9803588639458694,0.0020000000949949026
