,val_loss,val_auprc,val_auroc,val_acc,loss,auprc,auroc,acc,lr
0,0.03840433059658112,0.10577619401059132,0.8542005487823524,0.9814259986904107,0.11186857566733345,0.058570985405248556,0.7006885599736568,0.954869779744772,0.0020000000949949026
1,0.03981198073018832,0.19359246648986445,0.9102358834243996,0.9859197032125453,0.042220235071319084,0.15090149221353275,0.8891797722261007,0.9815573061809046,0.0020000000949949026
2,0.29937745595021253,0.21927904897591347,0.8636518164454331,0.9814259986904107,0.1538436739114912,0.2374796253948812,0.9086344369629793,0.9779397905509836,0.0020000000949949026
3,0.29937745595021253,0.1714556138179058,0.7633218183259372,0.9814259986904107,0.32364606537638424,0.1930728163624939,0.8081787545103956,0.979626484954307,0.0020000000949949026
4,0.29937745595021253,0.14247180794095812,0.7061485121034448,0.9814259986904107,0.3237732693724773,0.15595859087471114,0.7325987864212911,0.9796375783816017,0.0020000000949949026
5,0.29937745595021253,0.12313217734306045,0.6693485460287086,0.9814259986904107,0.3235528878992342,0.13214711491254783,0.6863560398450124,0.9798817097355618,0.0020000000949949026
6,0.29937745595021253,0.10921301588115517,0.6436399095354143,0.9814259986904107,0.3236918207407011,0.11573805379991503,0.6555792149014334,0.9799261002512704,0.0020000000949949026
7,0.29937745595021253,0.09867039822832134,0.6246874668723408,0.9814259986904107,0.32371360718468456,0.10370005262837645,0.6337032908308168,0.9799260964249904,0.0020000000949949026
