,val_loss,val_auprc,val_auroc,val_acc,loss,auprc,auroc,acc,lr
0,0.33317815242928916,0.019301701452421622,0.49528052469011263,0.9793289377705076,0.4199866456693631,0.02160173853501336,0.4905182043860824,0.953504889343307,0.0020000000949949026
1,0.33317815242928916,0.01923264330801717,0.49604933371271515,0.9793289377705076,0.6150384272658315,0.019323939984476003,0.4957711724106507,0.9622379795406525,0.0020000000949949026
2,0.33317815242928916,0.01930639897131839,0.49701166295805255,0.9793289377705076,1.2846109959442569,0.019292619344330405,0.4970420387986087,0.9198819337308977,0.0020000000949949026
3,0.33317815242928916,0.01937107646003416,0.4977043510995179,0.9793289377705076,1.274100052026193,0.019341789834496574,0.49755093825408836,0.9205144437468703,0.0020000000949949026
4,0.33317815242928916,0.019516365905055177,0.4990325448147332,0.9793289377705076,1.2807022279358955,0.01941053001724446,0.49846467845028536,0.9200372884915285,0.0020000000949949026
5,0.33317815242928916,0.019524625945030537,0.4991248031088233,0.9793289377705076,1.2864490719718693,0.019538882679092467,0.4991752083766756,0.9197598693089506,0.0020000000949949026
