,val_loss,val_auprc,val_auroc,val_acc,loss,auprc,auroc,acc,lr
0,0.054186574282079625,0.1890006739447544,0.7475137279398884,0.9861194210326765,0.13207260762300632,0.061041133962418254,0.5031126560686204,0.9704939152069045,0.0020000000949949026
1,0.047517709928896375,0.36755688979831885,0.8576716674833639,0.9864190096671361,0.048449659526909654,0.29391909993293963,0.816553200883385,0.9861291451595546,0.0020000000949949026
2,0.0432732988591664,0.4536921954485907,0.8950104502615444,0.9877171933543832,0.04087394447144712,0.41882665244532163,0.879430201387316,0.9874718445742462,0.0020000000949949026
3,0.04106371085844813,0.5046282638112108,0.913937912602517,0.9877171993065147,0.037503756998849044,0.48093162107897836,0.9053324372836633,0.9878269345974088,0.0020000000949949026
4,0.04653468498917728,0.5427409229174759,0.9258922001833161,0.9841222309271018,0.0346855704839962,0.5263183507319065,0.9208000289370887,0.9886258967631769,0.0020000000949949026
5,0.03666509428466662,0.5694560723936151,0.9337963680557226,0.9884162235812367,0.033872992297980915,0.5558056938191451,0.9299732304082904,0.989025377067246,0.0020000000949949026
