,val_loss,val_auprc,val_auroc,val_acc,loss,auprc,auroc,acc,lr
0,0.059678683418031245,0.12333528143049644,0.7679247619721474,0.9835230715145769,0.1452742012300049,0.04581341728400574,0.5631525326809863,0.9587869140762849,0.0020000000949949026
1,0.04446786463215359,0.3392308711327072,0.8716835859342323,0.9872178928519239,0.043949889493262145,0.24685169070807297,0.8327966765913111,0.9868393270975238,0.0020000000949949026
2,0.04319847082758361,0.4401586426037715,0.9050112962246608,0.9875174814863835,0.03897661150381646,0.3954362681100336,0.8909429322645808,0.9880488688977757,0.0020000000949949026
3,0.04712733910884522,0.5005329774005556,0.9215387514734164,0.9873177577141209,0.03558493170762018,0.47548316223296455,0.9145820478979912,0.9887146697650281,0.0020000000949949026
4,0.04119376593230533,0.5431240616455177,0.9314970383868857,0.9881166289946456,0.033741039585958796,0.5223595943186045,0.926836093348159,0.9891585369007297,0.0020000000949949026
5,0.03805784705815387,0.5767214062424841,0.9386390262029117,0.9885160765391708,0.03225453196709733,0.5614912828706529,0.9354074944951599,0.9896245969793367,0.0020000000949949026
