,val_loss,val_auprc,val_auroc,val_acc,loss,auprc,auroc,acc,lr
0,0.27217143189612597,0.345751470259523,0.8511712779202623,0.9811264279123455,0.08490953723942775,0.2017790861119813,0.7150229178695205,0.97545413232505,0.0020000000949949026
1,0.30425372925998984,0.17934997590782878,0.6581793553533491,0.9811264279123455,0.30829500222189715,0.24023270265440444,0.7328000068545496,0.9797263516182548,0.0020000000949949026
2,0.3042363148112729,0.12665544450580657,0.5996353334477735,0.9811264279123455,0.31740754203005495,0.1488283773889985,0.6236354538264869,0.9803033828403321,0.0020000000949949026
3,0.30422479446076733,0.10030782905308482,0.5724575768241822,0.9811264279123455,0.3173987877459276,0.1121986332826865,0.5846473539285789,0.9803033829329302,0.0020000000949949026
4,0.30421750012362214,0.08446961514084834,0.5568746847498791,0.9811264279123455,0.31737976723274225,0.09170674893982365,0.5639059103498134,0.9803033808560901,0.0020000000949949026
5,0.3042136684389732,0.07388671930557196,0.5468071206425011,0.9811264279123455,0.31738714158752607,0.07881659252433758,0.5514603096521802,0.9803033852015801,0.0020000000949949026
6,0.3042122101667573,0.0663082566069871,0.5397696637312095,0.9811264279123455,0.31737187311073284,0.06987239936556648,0.543051440960222,0.9803033841631602,0.0020000000949949026
