,val_loss,val_auprc,val_auroc,val_acc,loss,auprc,auroc,acc,lr
0,0.05690505458791622,0.03899117001405442,0.6682721074288873,0.9820251700071987,0.18471825859483088,0.032081505233797256,0.49723722937315645,0.9436732238890458,0.0020000000949949026
1,0.04231817897822874,0.16286071344528558,0.8237007087948843,0.9879169171266459,0.051817384971697224,0.08764555003910592,0.7640273857525718,0.9840429646416402,0.0020000000949949026
2,0.038476238569137976,0.2987558101736335,0.8742648042055431,0.9882164998089741,0.04184679489628291,0.23912850777849182,0.8535966062685467,0.9866950758705934,0.0020000000949949026
3,0.03637565482692023,0.383540121683323,0.9000142399650957,0.9889155240836962,0.03790093436307238,0.34369982816379385,0.8887475191378126,0.9877603570419149,0.0020000000949949026
4,0.037260172655340935,0.4433316673219668,0.9152075195350594,0.989314953771827,0.03524625883242111,0.41711780112730523,0.9087868225416151,0.9884594456021953,0.0020000000949949026
5,0.034785435827877145,0.49159481907190855,0.9254055643048333,0.9897143953642208,0.03295863248262412,0.4685610074060095,0.9206487648169639,0.9896135012404,0.0020000000949949026
