,val_loss,val_auprc,val_auroc,val_acc,loss,auprc,auroc,acc,lr
0,0.059132115653430885,0.03609740773235606,0.689214117362253,0.9783303308134572,0.21091061724925886,0.03375146712500192,0.5436124533551423,0.9408768618465461,0.0020000000949949026
1,0.04919501038374975,0.06606118618959864,0.817037839279552,0.9785300605378514,0.06416799067441115,0.050770394903481654,0.7682763604526388,0.9806806722783359,0.0020000000949949026
2,0.04243774061685155,0.1265831503273842,0.8668108679397344,0.9873177636662523,0.05273955890273198,0.08943516671054352,0.8449432583440021,0.9837100655771409,0.0020000000949949026
3,0.042063124947523685,0.21138814351195367,0.8923598598976775,0.9866187393915303,0.0464740726356095,0.16868885719554713,0.8810492112715221,0.9851526342518303,0.0020000000949949026
4,0.036674064981939196,0.29327064631750466,0.909066858431144,0.9883163527669082,0.04207700061735195,0.2529615063549275,0.9016122818112219,0.9869502983335922,0.0020000000949949026
5,0.04199615477904044,0.36102295119485767,0.9198617883039992,0.9845216784716272,0.04034128097808476,0.33050115962117504,0.9148882638169019,0.9880932566256242,0.0020000000949949026
