,val_loss,val_auprc,val_auroc,val_acc,loss,auprc,auroc,acc,lr
0,0.31225390884655846,0.05932789133493001,0.6133522012049456,0.9806271214577545,0.21671081337800113,0.05397282460560402,0.6072064514817178,0.9717922270789435,0.0020000000949949026
1,0.31225390884655846,0.04026780774567997,0.5499323264005442,0.9806271214577545,0.32212227208670413,0.04753509747380734,0.5736265808225824,0.9800148671581915,0.0020000000949949026
2,0.31225390884655846,0.03382326378326157,0.5318782524074983,0.9806271214577545,0.3221222644804432,0.03657782100570885,0.5392975203464477,0.9800148684810195,0.0020000000949949026
3,0.31225390884655846,0.03054586668940202,0.5233915747223868,0.9806271214577545,0.32212227111574837,0.032025668483889276,0.5270769536532909,0.9800148666389815,0.0020000000949949026
4,0.31225390884655846,0.02855024288536987,0.5184678443658607,0.9806271214577545,0.32212228052080116,0.02948267684285499,0.5206480284745548,0.9800148682462175,0.0020000000949949026
5,0.31225390884655846,0.027202926147956084,0.5152545950477986,0.9806271214577545,0.3221222618559525,0.027843748555650586,0.5167127692563314,0.9800148699460515,0.0020000000949949026
